"prov","muni"
1,1
1,2
1,3
1,4
1,5
1,6
1,7
1,8
1,9
1,10
1,11
1,12
1,13
1,14
1,15
1,16
1,17
1,18
1,19
1,20
1,21
1,22
1,23
1,24
1,25
1,26
1,27
1,28
1,29
1,30
1,31
1,32
1,33
1,34
1,35
1,36
1,37
1,38
1,39
1,40
1,41
1,42
1,43
1,44
1,45
1,46
1,47
1,48
1,49
1,50
1,51
1,52
1,53
1,54
1,55
1,56
1,57
1,58
1,59
1,60
1,61
1,62
1,63
1,500
1,501
1,502
1,503
1,504
1,505
1,506
1,507
1,508
1,509
1,510
1,511
1,512
1,513
1,514
1,515
1,516
1,517
1,518
1,519
1,520
1,521
1,522
1,523
1,524
1,525
1,526
1,527
1,528
1,529
1,530
1,531
1,532
1,901
1,902
2,1
2,2
2,3
2,4
2,5
2,6
2,7
2,8
2,9
2,10
2,11
2,12
2,13
2,14
2,15
2,16
2,17
2,18
2,19
2,20
2,21
2,22
2,23
2,24
2,25
2,26
2,27
2,28
2,29
2,30
2,31
2,32
2,33
2,34
2,35
2,36
2,37
2,38
2,39
2,40
2,41
2,42
2,43
2,44
2,45
2,46
2,47
2,48
2,49
2,50
2,51
2,52
2,53
2,54
2,55
2,56
2,57
2,58
2,59
2,60
2,61
2,62
2,63
2,64
2,65
2,66
2,67
2,68
2,69
2,70
2,71
2,72
2,73
2,74
2,75
2,76
2,77
2,78
2,79
2,80
2,81
2,82
2,83
2,84
2,85
2,86
2,901
3,1
3,2
3,3
3,4
3,5
3,6
3,7
3,8
3,9
3,10
3,11
3,12
3,13
3,14
3,15
3,16
3,17
3,18
3,19
3,20
3,21
3,22
3,23
3,24
3,25
3,26
3,27
3,28
3,29
3,30
3,31
3,32
3,33
3,34
3,35
3,36
3,37
3,38
3,39
3,40
3,41
3,42
3,43
3,44
3,45
3,46
3,47
3,48
3,49
3,50
3,51
3,52
3,53
3,54
3,55
3,56
3,57
3,58
3,59
3,60
3,61
3,62
3,63
3,64
3,65
3,66
3,67
3,68
3,69
3,70
3,71
3,72
3,73
3,74
3,75
3,76
3,77
3,78
3,79
3,80
3,81
3,82
3,83
3,84
3,85
3,86
3,87
3,88
3,89
3,90
3,91
3,92
3,93
3,94
3,95
3,96
3,97
3,98
3,99
3,100
3,101
3,102
3,103
3,104
3,105
3,106
3,107
3,108
3,109
3,110
3,111
3,112
3,113
3,114
3,115
3,116
3,117
3,118
3,119
3,120
3,121
3,122
3,123
3,124
3,125
3,126
3,127
3,128
3,129
3,130
3,131
3,132
3,133
3,134
3,135
3,136
3,137
3,138
3,139
3,140
3,500
3,5000
3,5001
3,5002
3,501
3,502
3,503
3,504
3,505
3,901
3,902
3,903
3,904
4,1
4,2
4,3
4,4
4,5
4,6
4,7
4,8
4,9
4,10
4,11
4,12
4,13
4,14
4,15
4,16
4,17
4,18
4,19
4,20
4,21
4,22
4,23
4,24
4,25
4,26
4,27
4,28
4,29
4,30
4,31
4,32
4,33
4,34
4,35
4,36
4,37
4,38
4,39
4,40
4,41
4,42
4,43
4,44
4,45
4,46
4,47
4,48
4,49
4,50
4,51
4,52
4,53
4,54
4,55
4,56
4,57
4,58
4,59
4,60
4,61
4,62
4,63
4,64
4,65
4,66
4,67
4,68
4,69
4,70
4,71
4,72
4,73
4,74
4,75
4,76
4,77
4,78
4,79
4,80
4,81
4,82
4,83
4,84
4,85
4,86
4,87
4,88
4,89
4,90
4,91
4,92
4,93
4,94
4,95
4,96
4,97
4,98
4,99
4,100
4,101
4,102
4,103
4,500
4,501
4,502
4,503
4,504
4,505
4,506
4,901
4,902
4,903
5,1
5,2
5,3
5,4
5,5
5,6
5,7
5,8
5,9
5,10
5,11
5,12
5,13
5,14
5,15
5,16
5,17
5,18
5,19
5,20
5,21
5,22
5,23
5,24
5,25
5,26
5,27
5,28
5,29
5,30
5,31
5,32
5,33
5,34
5,35
5,36
5,37
5,38
5,39
5,40
5,41
5,42
5,43
5,44
5,45
5,46
5,47
5,48
5,49
5,50
5,51
5,52
5,53
5,54
5,55
5,56
5,57
5,58
5,59
5,60
5,61
5,62
5,63
5,64
5,65
5,66
5,67
5,68
5,69
5,70
5,71
5,72
5,73
5,74
5,75
5,76
5,77
5,78
5,79
5,80
5,81
5,82
5,83
5,84
5,85
5,86
5,87
5,88
5,89
5,90
5,91
5,92
5,93
5,94
5,95
5,96
5,97
5,98
5,99
5,100
5,101
5,102
5,103
5,104
5,105
5,106
5,107
5,108
5,109
5,110
5,111
5,112
5,113
5,114
5,115
5,116
5,117
5,118
5,119
5,120
5,121
5,122
5,123
5,124
5,125
5,126
5,127
5,128
5,129
5,130
5,131
5,132
5,133
5,134
5,135
5,136
5,137
5,138
5,139
5,140
5,141
5,142
5,143
5,144
5,145
5,146
5,147
5,148
5,149
5,150
5,151
5,152
5,153
5,154
5,155
5,156
5,157
5,158
5,159
5,160
5,161
5,162
5,163
5,164
5,165
5,166
5,167
5,168
5,169
5,170
5,171
5,172
5,173
5,174
5,175
5,176
5,177
5,178
5,179
5,180
5,181
5,182
5,183
5,184
5,185
5,186
5,187
5,188
5,189
5,190
5,191
5,192
5,193
5,194
5,195
5,196
5,197
5,198
5,199
5,200
5,201
5,202
5,203
5,204
5,205
5,206
5,207
5,208
5,209
5,210
5,211
5,212
5,213
5,214
5,215
5,216
5,217
5,218
5,219
5,220
5,221
5,222
5,223
5,224
5,225
5,226
5,227
5,228
5,229
5,230
5,231
5,232
5,233
5,234
5,235
5,236
5,237
5,238
5,239
5,240
5,241
5,242
5,243
5,244
5,245
5,246
5,247
5,248
5,249
5,250
5,251
5,252
5,253
5,254
5,255
5,256
5,257
5,258
5,259
5,260
5,261
5,262
5,263
5,264
5,265
5,266
5,267
5,268
5,500
5,5000
5,5001
5,5002
5,5003
5,5004
5,5005
5,5006
5,5007
5,5008
5,5009
5,501
5,5010
5,5011
5,5012
5,5013
5,5014
5,5015
5,5016
5,5017
5,5018
5,5019
5,502
5,5020
5,5021
5,5022
5,5023
5,5024
5,901
5,902
5,903
5,904
5,905
6,1
6,2
6,3
6,4
6,5
6,6
6,7
6,8
6,9
6,10
6,11
6,12
6,13
6,14
6,15
6,16
6,17
6,18
6,19
6,20
6,21
6,22
6,23
6,24
6,25
6,26
6,27
6,28
6,29
6,30
6,31
6,32
6,33
6,34
6,35
6,36
6,37
6,38
6,39
6,40
6,41
6,42
6,43
6,44
6,45
6,46
6,47
6,48
6,49
6,50
6,51
6,52
6,53
6,54
6,55
6,56
6,57
6,58
6,59
6,60
6,61
6,62
6,63
6,64
6,65
6,66
6,67
6,68
6,69
6,70
6,71
6,72
6,73
6,74
6,75
6,76
6,77
6,78
6,79
6,80
6,81
6,82
6,83
6,84
6,85
6,86
6,87
6,88
6,89
6,90
6,91
6,92
6,93
6,94
6,95
6,96
6,97
6,98
6,99
6,100
6,101
6,102
6,103
6,104
6,105
6,106
6,107
6,108
6,109
6,110
6,111
6,112
6,113
6,114
6,115
6,116
6,117
6,118
6,119
6,120
6,121
6,122
6,123
6,124
6,125
6,126
6,127
6,128
6,129
6,130
6,131
6,132
6,133
6,134
6,135
6,136
6,137
6,138
6,139
6,140
6,141
6,142
6,143
6,144
6,145
6,146
6,147
6,148
6,149
6,150
6,151
6,152
6,153
6,154
6,155
6,156
6,157
6,158
6,159
6,160
6,161
6,162
6,500
6,5001
6,501
6,901
6,902
7,1
7,2
7,3
7,4
7,5
7,6
7,7
7,8
7,9
7,10
7,11
7,12
7,13
7,14
7,15
7,16
7,17
7,18
7,19
7,20
7,21
7,22
7,23
7,24
7,25
7,26
7,27
7,28
7,29
7,30
7,31
7,32
7,33
7,34
7,35
7,36
7,37
7,38
7,39
7,40
7,41
7,42
7,43
7,44
7,45
7,46
7,47
7,48
7,49
7,50
7,51
7,52
7,53
7,54
7,55
7,56
7,57
7,58
7,59
7,60
7,61
7,62
7,63
7,64
7,65
7,500
7,901
7,902
8,1
8,2
8,3
8,4
8,5
8,6
8,7
8,8
8,9
8,10
8,11
8,12
8,13
8,14
8,15
8,16
8,17
8,18
8,19
8,20
8,21
8,22
8,23
8,24
8,25
8,26
8,27
8,28
8,29
8,30
8,31
8,32
8,33
8,34
8,35
8,36
8,37
8,38
8,39
8,40
8,41
8,42
8,43
8,44
8,45
8,46
8,47
8,48
8,49
8,50
8,51
8,52
8,53
8,54
8,55
8,56
8,57
8,58
8,59
8,60
8,61
8,62
8,63
8,64
8,65
8,66
8,67
8,68
8,69
8,70
8,71
8,72
8,73
8,74
8,75
8,76
8,77
8,78
8,79
8,80
8,81
8,82
8,83
8,84
8,85
8,86
8,87
8,88
8,89
8,90
8,91
8,92
8,93
8,94
8,95
8,96
8,97
8,98
8,99
8,100
8,101
8,102
8,103
8,104
8,105
8,106
8,107
8,108
8,109
8,110
8,111
8,112
8,113
8,114
8,115
8,116
8,117
8,118
8,119
8,120
8,121
8,122
8,123
8,124
8,125
8,126
8,127
8,128
8,129
8,130
8,131
8,132
8,133
8,134
8,135
8,136
8,137
8,138
8,139
8,140
8,141
8,142
8,143
8,144
8,145
8,146
8,147
8,148
8,149
8,150
8,151
8,152
8,153
8,154
8,155
8,156
8,157
8,158
8,159
8,160
8,161
8,162
8,163
8,164
8,165
8,166
8,167
8,168
8,169
8,170
8,171
8,172
8,173
8,174
8,175
8,176
8,177
8,178
8,179
8,180
8,181
8,182
8,183
8,184
8,185
8,186
8,187
8,188
8,189
8,190
8,191
8,192
8,193
8,194
8,195
8,196
8,197
8,198
8,199
8,200
8,201
8,202
8,203
8,204
8,205
8,206
8,207
8,208
8,209
8,210
8,211
8,212
8,213
8,214
8,215
8,216
8,217
8,218
8,219
8,220
8,221
8,222
8,223
8,224
8,225
8,226
8,227
8,228
8,229
8,230
8,231
8,232
8,233
8,234
8,235
8,236
8,237
8,238
8,239
8,240
8,241
8,242
8,243
8,244
8,245
8,246
8,247
8,248
8,249
8,250
8,251
8,252
8,253
8,254
8,255
8,256
8,257
8,258
8,259
8,260
8,261
8,262
8,263
8,264
8,265
8,266
8,267
8,268
8,269
8,270
8,271
8,272
8,273
8,274
8,275
8,276
8,277
8,278
8,279
8,280
8,281
8,282
8,283
8,284
8,285
8,286
8,287
8,288
8,289
8,290
8,291
8,292
8,293
8,294
8,295
8,296
8,297
8,298
8,299
8,300
8,301
8,302
8,303
8,304
8,305
8,306
8,307
8,308
8,500
8,5000
8,5001
8,5002
8,5003
8,5004
8,5005
8,5006
8,5007
8,5008
8,5009
8,501
8,5010
8,5011
8,5012
8,5013
8,5014
8,5015
8,5016
8,5017
8,5018
8,5019
8,502
8,5020
8,5021
8,5022
8,5023
8,5024
8,5025
8,5026
8,5027
8,5028
8,5029
8,503
8,5030
8,5031
8,5032
8,5033
8,5034
8,5035
8,5036
8,5037
8,5038
8,5039
8,504
8,5040
8,5041
8,5042
8,5043
8,5044
8,5045
8,5046
8,5047
8,5048
8,5049
8,505
8,5050
8,5051
8,5052
8,5053
8,5054
8,5055
8,5056
8,5057
8,5058
8,5059
8,506
8,5060
8,5061
8,5062
8,5063
8,5064
8,5065
8,5066
8,5067
8,5068
8,5069
8,507
8,508
8,509
8,510
8,511
8,512
8,513
8,514
8,515
8,516
8,517
8,518
8,519
8,520
8,521
8,522
8,523
8,524
8,525
8,526
8,527
8,528
8,901
8,902
8,903
8,904
8,905
9,1
9,2
9,3
9,4
9,5
9,6
9,7
9,8
9,9
9,10
9,11
9,12
9,13
9,14
9,15
9,16
9,17
9,18
9,19
9,20
9,21
9,22
9,23
9,24
9,25
9,26
9,27
9,28
9,29
9,30
9,31
9,32
9,33
9,34
9,35
9,36
9,37
9,38
9,39
9,40
9,41
9,42
9,43
9,44
9,45
9,46
9,47
9,48
9,49
9,50
9,51
9,52
9,53
9,54
9,55
9,56
9,57
9,58
9,59
9,60
9,61
9,62
9,63
9,64
9,65
9,66
9,67
9,68
9,69
9,70
9,71
9,72
9,73
9,74
9,75
9,76
9,77
9,78
9,79
9,80
9,81
9,82
9,83
9,84
9,85
9,86
9,87
9,88
9,89
9,90
9,91
9,92
9,93
9,94
9,95
9,96
9,97
9,98
9,99
9,100
9,101
9,102
9,103
9,104
9,105
9,106
9,107
9,108
9,109
9,110
9,111
9,112
9,113
9,114
9,115
9,116
9,117
9,118
9,119
9,120
9,121
9,122
9,123
9,124
9,125
9,126
9,127
9,128
9,129
9,130
9,131
9,132
9,133
9,134
9,135
9,136
9,137
9,138
9,139
9,140
9,141
9,142
9,143
9,144
9,145
9,146
9,147
9,148
9,149
9,150
9,151
9,152
9,153
9,154
9,155
9,156
9,157
9,158
9,159
9,160
9,161
9,162
9,163
9,164
9,165
9,166
9,167
9,168
9,169
9,170
9,171
9,172
9,173
9,174
9,175
9,176
9,177
9,178
9,179
9,180
9,181
9,182
9,183
9,184
9,185
9,186
9,187
9,188
9,189
9,190
9,191
9,192
9,193
9,194
9,195
9,196
9,197
9,198
9,199
9,200
9,201
9,202
9,203
9,204
9,205
9,206
9,207
9,208
9,209
9,210
9,211
9,212
9,213
9,214
9,215
9,216
9,217
9,218
9,219
9,220
9,221
9,222
9,223
9,224
9,225
9,226
9,227
9,228
9,229
9,230
9,231
9,232
9,233
9,234
9,235
9,236
9,237
9,238
9,239
9,240
9,241
9,242
9,243
9,244
9,245
9,246
9,247
9,248
9,249
9,250
9,251
9,252
9,253
9,254
9,255
9,256
9,257
9,258
9,259
9,260
9,261
9,262
9,263
9,264
9,265
9,266
9,267
9,268
9,269
9,270
9,271
9,272
9,273
9,274
9,275
9,276
9,277
9,278
9,279
9,280
9,281
9,282
9,283
9,284
9,285
9,286
9,287
9,288
9,289
9,290
9,291
9,292
9,293
9,294
9,295
9,296
9,297
9,298
9,299
9,300
9,301
9,302
9,303
9,304
9,305
9,306
9,307
9,308
9,309
9,310
9,311
9,312
9,313
9,314
9,315
9,316
9,317
9,318
9,319
9,320
9,321
9,322
9,323
9,324
9,325
9,326
9,327
9,328
9,329
9,330
9,331
9,332
9,333
9,334
9,335
9,336
9,337
9,338
9,339
9,340
9,341
9,342
9,343
9,344
9,345
9,346
9,347
9,348
9,349
9,350
9,351
9,352
9,353
9,354
9,355
9,356
9,357
9,358
9,359
9,360
9,361
9,362
9,363
9,364
9,365
9,366
9,367
9,368
9,369
9,370
9,371
9,372
9,373
9,374
9,375
9,376
9,377
9,378
9,379
9,380
9,381
9,382
9,383
9,384
9,385
9,386
9,387
9,388
9,389
9,390
9,391
9,392
9,393
9,394
9,395
9,396
9,397
9,398
9,399
9,400
9,401
9,402
9,403
9,404
9,405
9,406
9,407
9,408
9,409
9,410
9,411
9,412
9,413
9,414
9,415
9,416
9,417
9,418
9,419
9,420
9,421
9,422
9,423
9,424
9,425
9,426
9,427
9,428
9,429
9,430
9,431
9,432
9,433
9,434
9,435
9,436
9,437
9,438
9,439
9,440
9,441
9,442
9,443
9,444
9,445
9,446
9,447
9,448
9,449
9,450
9,451
9,452
9,453
9,454
9,455
9,456
9,457
9,458
9,459
9,460
9,461
9,462
9,463
9,464
9,465
9,466
9,467
9,468
9,469
9,470
9,471
9,472
9,473
9,474
9,475
9,476
9,477
9,478
9,479
9,480
9,481
9,482
9,483
9,484
9,485
9,500
9,5000
9,5001
9,5002
9,5003
9,5004
9,5005
9,5006
9,5007
9,5008
9,5009
9,501
9,5010
9,5011
9,5012
9,5013
9,5014
9,5015
9,5016
9,5017
9,5018
9,5019
9,502
9,5020
9,5021
9,5022
9,5023
9,5024
9,5025
9,5026
9,5027
9,5028
9,5029
9,503
9,5030
9,5031
9,5032
9,5033
9,5034
9,5035
9,5036
9,5037
9,5038
9,5039
9,504
9,5040
9,5041
9,5042
9,5043
9,5044
9,5045
9,5046
9,5047
9,5048
9,5049
9,505
9,5050
9,5051
9,5052
9,5053
9,5054
9,5055
9,5056
9,5057
9,5058
9,5059
9,506
9,5060
9,5061
9,5062
9,5063
9,5064
9,5065
9,5066
9,5067
9,5068
9,5069
9,507
9,5070
9,5071
9,5072
9,5073
9,5074
9,5075
9,5076
9,5077
9,5078
9,5079
9,508
9,5080
9,5081
9,5082
9,5083
9,5084
9,5085
9,5086
9,5087
9,5088
9,5089
9,509
9,5090
9,5091
9,5092
9,5093
9,5094
9,5095
9,5096
9,5097
9,5098
9,5099
9,510
9,5100
9,5101
9,5102
9,5103
9,5104
9,5105
9,5106
9,5107
9,5108
9,5109
9,511
9,5110
9,5111
9,5112
9,5113
9,5115
9,5116
9,5117
9,5118
9,5119
9,512
9,5120
9,5121
9,5122
9,5123
9,5124
9,5125
9,5126
9,5127
9,5128
9,5129
9,513
9,5130
9,5131
9,5132
9,5133
9,5134
9,5135
9,5136
9,5137
9,5138
9,5139
9,514
9,5140
9,5141
9,5142
9,5143
9,5144
9,5145
9,5146
9,5147
9,5148
9,5149
9,515
9,5150
9,5151
9,5152
9,5153
9,5154
9,5155
9,5156
9,5157
9,5158
9,5159
9,516
9,5160
9,5161
9,5162
9,5163
9,5164
9,5165
9,5166
9,5167
9,5168
9,5169
9,517
9,5170
9,5171
9,5172
9,5173
9,5174
9,5175
9,5176
9,5177
9,5178
9,5179
9,518
9,5180
9,5181
9,5182
9,5183
9,5184
9,5185
9,5186
9,5187
9,5188
9,5189
9,519
9,5190
9,5191
9,5192
9,5193
9,5194
9,520
9,521
9,522
9,523
9,524
9,525
9,526
9,527
9,528
9,529
9,530
9,531
9,532
9,533
9,534
9,535
9,536
9,537
9,538
9,539
9,540
9,541
9,542
9,543
9,544
9,545
9,546
9,547
9,548
9,549
9,550
9,551
9,552
9,553
9,901
9,902
9,903
9,904
9,905
9,906
9,907
9,908
10,1
10,2
10,3
10,4
10,5
10,6
10,7
10,8
10,9
10,10
10,11
10,12
10,13
10,14
10,15
10,16
10,17
10,18
10,19
10,20
10,21
10,22
10,23
10,24
10,25
10,26
10,27
10,28
10,29
10,30
10,31
10,32
10,33
10,34
10,35
10,36
10,37
10,38
10,39
10,40
10,41
10,42
10,43
10,44
10,45
10,46
10,47
10,48
10,49
10,50
10,51
10,52
10,53
10,54
10,55
10,56
10,57
10,58
10,59
10,60
10,61
10,62
10,63
10,64
10,65
10,66
10,67
10,68
10,69
10,70
10,71
10,72
10,73
10,74
10,75
10,76
10,77
10,78
10,79
10,80
10,81
10,82
10,83
10,84
10,85
10,86
10,87
10,88
10,89
10,90
10,91
10,92
10,93
10,94
10,95
10,96
10,97
10,98
10,99
10,100
10,101
10,102
10,103
10,104
10,105
10,106
10,107
10,108
10,109
10,110
10,111
10,112
10,113
10,114
10,115
10,116
10,117
10,118
10,119
10,120
10,121
10,122
10,123
10,124
10,125
10,126
10,127
10,128
10,129
10,130
10,131
10,132
10,133
10,134
10,135
10,136
10,137
10,138
10,139
10,140
10,141
10,142
10,143
10,144
10,145
10,146
10,147
10,148
10,149
10,150
10,151
10,152
10,153
10,154
10,155
10,156
10,157
10,158
10,159
10,160
10,161
10,162
10,163
10,164
10,165
10,166
10,167
10,168
10,169
10,170
10,171
10,172
10,173
10,174
10,175
10,176
10,177
10,178
10,179
10,180
10,181
10,182
10,183
10,184
10,185
10,186
10,187
10,188
10,189
10,190
10,191
10,192
10,193
10,194
10,195
10,196
10,197
10,198
10,199
10,200
10,201
10,202
10,203
10,204
10,205
10,206
10,207
10,208
10,209
10,210
10,211
10,212
10,213
10,214
10,215
10,216
10,217
10,218
10,219
10,500
10,501
10,502
10,503
10,504
10,505
10,506
10,507
10,508
10,901
10,902
10,903
11,1
11,2
11,3
11,4
11,5
11,6
11,7
11,8
11,9
11,10
11,11
11,12
11,13
11,14
11,15
11,16
11,17
11,18
11,19
11,20
11,21
11,22
11,23
11,24
11,25
11,26
11,27
11,28
11,29
11,30
11,31
11,32
11,33
11,34
11,35
11,36
11,37
11,38
11,39
11,40
11,41
11,42
11,901
11,902
12,1
12,2
12,3
12,4
12,5
12,6
12,7
12,8
12,9
12,10
12,11
12,12
12,13
12,14
12,15
12,16
12,17
12,18
12,19
12,20
12,21
12,22
12,23
12,24
12,25
12,26
12,27
12,28
12,29
12,30
12,31
12,32
12,33
12,34
12,35
12,36
12,37
12,38
12,39
12,40
12,41
12,42
12,43
12,44
12,45
12,46
12,47
12,48
12,49
12,50
12,51
12,52
12,53
12,54
12,55
12,56
12,57
12,58
12,59
12,60
12,61
12,62
12,63
12,64
12,65
12,66
12,67
12,68
12,69
12,70
12,71
12,72
12,73
12,74
12,75
12,76
12,77
12,78
12,79
12,80
12,81
12,82
12,83
12,84
12,85
12,86
12,87
12,88
12,89
12,90
12,91
12,92
12,93
12,94
12,95
12,96
12,97
12,98
12,99
12,100
12,101
12,102
12,103
12,104
12,105
12,106
12,107
12,108
12,109
12,110
12,111
12,112
12,113
12,114
12,115
12,116
12,117
12,118
12,119
12,120
12,121
12,122
12,123
12,124
12,125
12,126
12,127
12,128
12,129
12,130
12,131
12,132
12,133
12,134
12,135
12,136
12,137
12,138
12,139
12,140
12,141
12,142
12,500
12,5000
12,5001
12,501
12,502
12,503
12,901
12,902
13,1
13,2
13,3
13,4
13,5
13,6
13,7
13,8
13,9
13,10
13,11
13,12
13,13
13,14
13,15
13,16
13,17
13,18
13,19
13,20
13,21
13,22
13,23
13,24
13,25
13,26
13,27
13,28
13,29
13,30
13,31
13,32
13,33
13,34
13,35
13,36
13,37
13,38
13,39
13,40
13,41
13,42
13,43
13,44
13,45
13,46
13,47
13,48
13,49
13,50
13,51
13,52
13,53
13,54
13,55
13,56
13,57
13,58
13,59
13,60
13,61
13,62
13,63
13,64
13,65
13,66
13,67
13,68
13,69
13,70
13,71
13,72
13,73
13,74
13,75
13,76
13,77
13,78
13,79
13,80
13,81
13,82
13,83
13,84
13,85
13,86
13,87
13,88
13,89
13,90
13,91
13,92
13,93
13,94
13,95
13,96
13,97
13,98
13,500
13,5000
13,5001
13,501
13,901
13,902
13,903
13,904
14,1
14,2
14,3
14,4
14,5
14,6
14,7
14,8
14,9
14,10
14,11
14,12
14,13
14,14
14,15
14,16
14,17
14,18
14,19
14,20
14,21
14,22
14,23
14,24
14,25
14,26
14,27
14,28
14,29
14,30
14,31
14,32
14,33
14,34
14,35
14,36
14,37
14,38
14,39
14,40
14,41
14,42
14,43
14,44
14,45
14,46
14,47
14,48
14,49
14,50
14,51
14,52
14,53
14,54
14,55
14,56
14,57
14,58
14,59
14,60
14,61
14,62
14,63
14,64
14,65
14,66
14,67
14,68
14,69
14,70
14,71
14,72
14,73
14,74
14,75
14,500
14,5000
14,5001
14,501
14,502
14,503
15,1
15,2
15,3
15,4
15,5
15,6
15,7
15,8
15,9
15,10
15,11
15,12
15,13
15,14
15,15
15,16
15,17
15,18
15,19
15,20
15,21
15,22
15,23
15,24
15,25
15,26
15,27
15,28
15,29
15,30
15,31
15,32
15,33
15,34
15,35
15,36
15,37
15,38
15,39
15,40
15,41
15,42
15,43
15,44
15,45
15,46
15,47
15,48
15,49
15,50
15,51
15,52
15,53
15,54
15,55
15,56
15,57
15,58
15,59
15,60
15,61
15,62
15,63
15,64
15,65
15,66
15,67
15,68
15,69
15,70
15,71
15,72
15,73
15,74
15,75
15,76
15,77
15,78
15,79
15,80
15,81
15,82
15,83
15,84
15,85
15,86
15,87
15,88
15,89
15,90
15,91
15,92
15,93
15,500
15,5000
15,5001
15,5002
15,501
15,502
15,503
15,901
16,1
16,2
16,3
16,4
16,5
16,6
16,7
16,8
16,9
16,10
16,11
16,12
16,13
16,14
16,15
16,16
16,17
16,18
16,19
16,20
16,21
16,22
16,23
16,24
16,25
16,26
16,27
16,28
16,29
16,30
16,31
16,32
16,33
16,34
16,35
16,36
16,37
16,38
16,39
16,40
16,41
16,42
16,43
16,44
16,45
16,46
16,47
16,48
16,49
16,50
16,51
16,52
16,53
16,54
16,55
16,56
16,57
16,58
16,59
16,60
16,61
16,62
16,63
16,64
16,65
16,66
16,67
16,68
16,69
16,70
16,71
16,72
16,73
16,74
16,75
16,76
16,77
16,78
16,79
16,80
16,81
16,82
16,83
16,84
16,85
16,86
16,87
16,88
16,89
16,90
16,91
16,92
16,93
16,94
16,95
16,96
16,97
16,98
16,99
16,100
16,101
16,102
16,103
16,104
16,105
16,106
16,107
16,108
16,109
16,110
16,111
16,112
16,113
16,114
16,115
16,116
16,117
16,118
16,119
16,120
16,121
16,122
16,123
16,124
16,125
16,126
16,127
16,128
16,129
16,130
16,131
16,132
16,133
16,134
16,135
16,136
16,137
16,138
16,139
16,140
16,141
16,142
16,143
16,144
16,145
16,146
16,147
16,148
16,149
16,150
16,151
16,152
16,153
16,154
16,155
16,156
16,157
16,158
16,159
16,160
16,161
16,162
16,163
16,164
16,165
16,166
16,167
16,168
16,169
16,170
16,171
16,172
16,173
16,174
16,175
16,176
16,177
16,178
16,179
16,180
16,181
16,182
16,183
16,184
16,185
16,186
16,187
16,188
16,189
16,190
16,191
16,192
16,193
16,194
16,195
16,196
16,197
16,198
16,199
16,200
16,201
16,202
16,203
16,204
16,205
16,206
16,207
16,208
16,209
16,210
16,211
16,212
16,213
16,214
16,215
16,216
16,217
16,218
16,219
16,220
16,221
16,222
16,223
16,224
16,225
16,226
16,227
16,228
16,229
16,230
16,231
16,232
16,233
16,234
16,235
16,236
16,237
16,238
16,239
16,240
16,241
16,242
16,243
16,244
16,245
16,246
16,247
16,248
16,249
16,250
16,251
16,252
16,253
16,254
16,255
16,256
16,257
16,258
16,259
16,260
16,261
16,262
16,263
16,264
16,265
16,266
16,267
16,268
16,269
16,270
16,271
16,272
16,273
16,274
16,275
16,276
16,277
16,278
16,279
16,280
16,500
16,5000
16,5001
16,5002
16,5003
16,5004
16,5005
16,5006
16,5007
16,5008
16,5009
16,501
16,5010
16,5011
16,5012
16,5013
16,5014
16,5015
16,5016
16,5017
16,5018
16,5019
16,502
16,5020
16,503
16,504
16,505
16,506
16,507
16,508
16,509
16,510
16,511
16,512
16,513
16,901
16,902
16,903
16,904
16,905
16,906
16,907
16,908
16,909
16,910
17,1
17,2
17,3
17,4
17,5
17,6
17,7
17,8
17,9
17,10
17,11
17,12
17,13
17,14
17,15
17,16
17,17
17,18
17,19
17,20
17,21
17,22
17,23
17,24
17,25
17,26
17,27
17,28
17,29
17,30
17,31
17,32
17,33
17,34
17,35
17,36
17,37
17,38
17,39
17,40
17,41
17,42
17,43
17,44
17,45
17,46
17,47
17,48
17,49
17,50
17,51
17,52
17,53
17,54
17,55
17,56
17,57
17,58
17,59
17,60
17,61
17,62
17,63
17,64
17,65
17,66
17,67
17,68
17,69
17,70
17,71
17,72
17,73
17,74
17,75
17,76
17,77
17,78
17,79
17,80
17,81
17,82
17,83
17,84
17,85
17,86
17,87
17,88
17,89
17,90
17,91
17,92
17,93
17,94
17,95
17,96
17,97
17,98
17,99
17,100
17,101
17,102
17,103
17,104
17,105
17,106
17,107
17,108
17,109
17,110
17,111
17,112
17,113
17,114
17,115
17,116
17,117
17,118
17,119
17,120
17,121
17,122
17,123
17,124
17,125
17,126
17,127
17,128
17,129
17,130
17,131
17,132
17,133
17,134
17,135
17,136
17,137
17,138
17,139
17,140
17,141
17,142
17,143
17,144
17,145
17,146
17,147
17,148
17,149
17,150
17,151
17,152
17,153
17,154
17,155
17,156
17,157
17,158
17,159
17,160
17,161
17,162
17,163
17,164
17,165
17,166
17,167
17,168
17,169
17,170
17,171
17,172
17,173
17,174
17,175
17,176
17,177
17,178
17,179
17,180
17,181
17,182
17,183
17,184
17,185
17,186
17,187
17,188
17,189
17,190
17,191
17,192
17,193
17,194
17,195
17,196
17,197
17,198
17,199
17,200
17,201
17,202
17,203
17,204
17,205
17,206
17,207
17,208
17,209
17,210
17,211
17,212
17,213
17,214
17,215
17,216
17,217
17,218
17,219
17,220
17,221
17,222
17,223
17,224
17,225
17,226
17,227
17,228
17,229
17,230
17,231
17,232
17,233
17,234
17,235
17,500
17,5000
17,5001
17,5002
17,5003
17,5004
17,5005
17,5006
17,5007
17,5008
17,5009
17,501
17,5010
17,5011
17,5012
17,5013
17,5014
17,5015
17,5016
17,5017
17,5018
17,5019
17,502
17,5020
17,5021
17,5022
17,5023
17,5024
17,5025
17,5026
17,5027
17,5028
17,5029
17,503
17,5030
17,5031
17,5032
17,5033
17,5034
17,5035
17,5036
17,5037
17,5038
17,5039
17,504
17,5040
17,5041
17,5042
17,5043
17,5044
17,5045
17,5046
17,5047
17,5048
17,5049
17,505
17,5050
17,5051
17,5052
17,5053
17,5054
17,5055
17,5056
17,5057
17,5058
17,5059
17,506
17,5060
17,5061
17,5062
17,5063
17,5064
17,5065
17,5066
17,5067
17,5068
17,5069
17,507
17,5070
17,5071
17,5072
17,5073
17,5074
17,5075
17,5076
17,5077
17,5078
17,5079
17,508
17,5080
17,5081
17,5082
17,5083
17,5084
17,5085
17,5086
17,5087
17,5088
17,5089
17,509
17,5090
17,5091
17,5092
17,5093
17,5094
17,5095
17,5096
17,5097
17,5098
17,5099
17,510
17,5100
17,5101
17,5102
17,5103
17,5104
17,5105
17,5106
17,5107
17,5108
17,5109
17,511
17,5110
17,5111
17,5112
17,5113
17,5114
17,5115
17,5116
17,5117
17,5118
17,5119
17,512
17,5120
17,5121
17,5122
17,5123
17,5124
17,5125
17,5126
17,5127
17,5128
17,5129
17,513
17,5130
17,5131
17,5132
17,5133
17,5134
17,5135
17,5136
17,5137
17,5138
17,5139
17,514
17,5140
17,5141
17,5142
17,5143
17,5144
17,5145
17,5146
17,5147
17,5148
17,5149
17,515
17,5150
17,5151
17,5152
17,5153
17,5154
17,5155
17,5156
17,5157
17,5158
17,5159
17,516
17,5160
17,5161
17,5162
17,5163
17,5164
17,5165
17,5166
17,5167
17,5168
17,5169
17,517
17,5170
17,5171
17,5172
17,5173
17,5174
17,518
17,519
17,520
17,521
17,901
17,902
17,903
18,1
18,2
18,3
18,4
18,5
18,6
18,7
18,8
18,9
18,10
18,11
18,12
18,13
18,14
18,15
18,16
18,17
18,18
18,19
18,20
18,21
18,22
18,23
18,24
18,25
18,26
18,27
18,28
18,29
18,30
18,31
18,32
18,33
18,34
18,35
18,36
18,37
18,38
18,39
18,40
18,41
18,42
18,43
18,44
18,45
18,46
18,47
18,48
18,49
18,50
18,51
18,52
18,53
18,54
18,55
18,56
18,57
18,58
18,59
18,60
18,61
18,62
18,63
18,64
18,65
18,66
18,67
18,68
18,69
18,70
18,71
18,72
18,73
18,74
18,75
18,76
18,77
18,78
18,79
18,80
18,81
18,82
18,83
18,84
18,85
18,86
18,87
18,88
18,89
18,90
18,91
18,92
18,93
18,94
18,95
18,96
18,97
18,98
18,99
18,100
18,101
18,102
18,103
18,104
18,105
18,106
18,107
18,108
18,109
18,110
18,111
18,112
18,113
18,114
18,115
18,116
18,117
18,118
18,119
18,120
18,121
18,122
18,123
18,124
18,125
18,126
18,127
18,128
18,129
18,130
18,131
18,132
18,133
18,134
18,135
18,136
18,137
18,138
18,139
18,140
18,141
18,142
18,143
18,144
18,145
18,146
18,147
18,148
18,149
18,150
18,151
18,152
18,153
18,154
18,155
18,156
18,157
18,158
18,159
18,160
18,161
18,162
18,163
18,164
18,165
18,166
18,167
18,168
18,169
18,170
18,171
18,172
18,173
18,174
18,175
18,176
18,177
18,178
18,179
18,180
18,181
18,182
18,183
18,184
18,185
18,186
18,187
18,188
18,189
18,190
18,191
18,192
18,193
18,194
18,500
18,5000
18,5001
18,501
18,502
18,503
18,504
18,505
18,506
18,507
18,508
18,509
18,510
18,511
18,512
18,513
18,901
18,902
18,903
18,904
18,905
18,906
18,907
18,908
18,909
18,910
18,911
18,912
18,913
19,1
19,2
19,3
19,4
19,5
19,6
19,7
19,8
19,9
19,10
19,11
19,12
19,13
19,14
19,15
19,16
19,17
19,18
19,19
19,20
19,21
19,22
19,23
19,24
19,25
19,26
19,27
19,28
19,29
19,30
19,31
19,32
19,33
19,34
19,35
19,36
19,37
19,38
19,39
19,40
19,41
19,42
19,43
19,44
19,45
19,46
19,47
19,48
19,49
19,50
19,51
19,52
19,53
19,54
19,55
19,56
19,57
19,58
19,59
19,60
19,61
19,62
19,63
19,64
19,65
19,66
19,67
19,68
19,69
19,70
19,71
19,72
19,73
19,74
19,75
19,76
19,77
19,78
19,79
19,80
19,81
19,82
19,83
19,84
19,85
19,86
19,87
19,88
19,89
19,90
19,91
19,92
19,93
19,94
19,95
19,96
19,97
19,98
19,99
19,100
19,101
19,102
19,103
19,104
19,105
19,106
19,107
19,108
19,109
19,110
19,111
19,112
19,113
19,114
19,115
19,116
19,117
19,118
19,119
19,120
19,121
19,122
19,123
19,124
19,125
19,126
19,127
19,128
19,129
19,130
19,131
19,132
19,133
19,134
19,135
19,136
19,137
19,138
19,139
19,140
19,141
19,142
19,143
19,144
19,145
19,146
19,147
19,148
19,149
19,150
19,151
19,152
19,153
19,154
19,155
19,156
19,157
19,158
19,159
19,160
19,161
19,162
19,163
19,164
19,165
19,166
19,167
19,168
19,169
19,170
19,171
19,172
19,173
19,174
19,175
19,176
19,177
19,178
19,179
19,180
19,181
19,182
19,183
19,184
19,185
19,186
19,187
19,188
19,189
19,190
19,191
19,192
19,193
19,194
19,195
19,196
19,197
19,198
19,199
19,200
19,201
19,202
19,203
19,204
19,205
19,206
19,207
19,208
19,209
19,210
19,211
19,212
19,213
19,214
19,215
19,216
19,217
19,218
19,219
19,220
19,221
19,222
19,223
19,224
19,225
19,226
19,227
19,228
19,229
19,230
19,231
19,232
19,233
19,234
19,235
19,236
19,237
19,238
19,239
19,240
19,241
19,242
19,243
19,244
19,245
19,246
19,247
19,248
19,249
19,250
19,251
19,252
19,253
19,254
19,255
19,256
19,257
19,258
19,259
19,260
19,261
19,262
19,263
19,264
19,265
19,266
19,267
19,268
19,269
19,270
19,271
19,272
19,273
19,274
19,275
19,276
19,277
19,278
19,279
19,280
19,281
19,282
19,283
19,284
19,285
19,286
19,287
19,288
19,289
19,290
19,291
19,292
19,293
19,294
19,295
19,296
19,297
19,298
19,299
19,300
19,301
19,302
19,303
19,304
19,305
19,306
19,307
19,308
19,309
19,310
19,311
19,312
19,313
19,314
19,315
19,316
19,317
19,318
19,319
19,320
19,321
19,322
19,323
19,324
19,325
19,326
19,327
19,328
19,329
19,330
19,331
19,332
19,333
19,334
19,335
19,500
19,5000
19,5001
19,5002
19,5003
19,5004
19,5005
19,5006
19,5007
19,5008
19,5009
19,501
19,5010
19,5011
19,5012
19,5013
19,5014
19,5015
19,5016
19,5017
19,5018
19,5019
19,502
19,5020
19,5021
19,5022
19,5023
19,5024
19,5025
19,5026
19,5027
19,5028
19,5029
19,503
19,5030
19,5031
19,5032
19,5033
19,5034
19,5035
19,5036
19,5037
19,5038
19,5039
19,504
19,5040
19,5041
19,5042
19,5043
19,5044
19,5045
19,5046
19,505
19,506
19,507
19,508
19,509
19,510
19,511
19,512
19,513
19,514
19,515
19,516
19,517
19,518
19,519
19,520
19,521
19,522
19,523
19,524
19,525
19,526
19,527
19,528
19,529
19,530
19,531
19,532
19,533
19,534
19,535
19,536
19,537
19,538
19,539
19,540
19,541
19,542
19,543
19,544
19,545
19,546
19,547
19,548
19,549
19,550
19,551
19,552
19,553
19,554
19,555
19,556
19,557
19,558
19,559
19,560
19,561
19,562
19,563
19,564
19,565
19,566
19,567
19,568
19,569
19,570
19,571
19,572
19,573
19,574
19,575
19,576
19,577
19,578
19,901
20,1
20,2
20,3
20,4
20,5
20,6
20,7
20,8
20,9
20,10
20,11
20,12
20,13
20,14
20,15
20,16
20,17
20,18
20,19
20,20
20,21
20,22
20,23
20,24
20,25
20,26
20,27
20,28
20,29
20,30
20,31
20,32
20,33
20,34
20,35
20,36
20,37
20,38
20,39
20,40
20,41
20,42
20,43
20,44
20,45
20,46
20,47
20,48
20,49
20,50
20,51
20,52
20,53
20,54
20,55
20,56
20,57
20,58
20,59
20,60
20,61
20,62
20,63
20,64
20,65
20,66
20,67
20,68
20,69
20,70
20,71
20,72
20,73
20,74
20,75
20,76
20,77
20,78
20,79
20,80
20,81
20,500
20,5000
20,501
20,502
20,503
20,504
20,505
20,506
20,507
20,508
20,509
20,510
20,511
20,512
20,513
20,514
20,515
20,516
20,517
20,901
20,902
20,903
20,904
20,905
20,906
20,907
21,1
21,2
21,3
21,4
21,5
21,6
21,7
21,8
21,9
21,10
21,11
21,12
21,13
21,14
21,15
21,16
21,17
21,18
21,19
21,20
21,21
21,22
21,23
21,24
21,25
21,26
21,27
21,28
21,29
21,30
21,31
21,32
21,33
21,34
21,35
21,36
21,37
21,38
21,39
21,40
21,41
21,42
21,43
21,44
21,45
21,46
21,47
21,48
21,49
21,50
21,51
21,52
21,53
21,54
21,55
21,56
21,57
21,58
21,59
21,60
21,61
21,62
21,63
21,64
21,65
21,66
21,67
21,68
21,69
21,70
21,71
21,72
21,73
21,74
21,75
21,76
21,77
21,78
21,79
21,500
22,1
22,2
22,3
22,4
22,5
22,6
22,7
22,8
22,9
22,10
22,11
22,12
22,13
22,14
22,15
22,16
22,17
22,18
22,19
22,20
22,21
22,22
22,23
22,24
22,25
22,26
22,27
22,28
22,29
22,30
22,31
22,32
22,33
22,34
22,35
22,36
22,37
22,38
22,39
22,40
22,41
22,42
22,43
22,44
22,45
22,46
22,47
22,48
22,49
22,50
22,51
22,52
22,53
22,54
22,55
22,56
22,57
22,58
22,59
22,60
22,61
22,62
22,63
22,64
22,65
22,66
22,67
22,68
22,69
22,70
22,71
22,72
22,73
22,74
22,75
22,76
22,77
22,78
22,79
22,80
22,81
22,82
22,83
22,84
22,85
22,86
22,87
22,88
22,89
22,90
22,91
22,92
22,93
22,94
22,95
22,96
22,97
22,98
22,99
22,100
22,101
22,102
22,103
22,104
22,105
22,106
22,107
22,108
22,109
22,110
22,111
22,112
22,113
22,114
22,115
22,116
22,117
22,118
22,119
22,120
22,121
22,122
22,123
22,124
22,125
22,126
22,127
22,128
22,129
22,130
22,131
22,132
22,133
22,134
22,135
22,136
22,137
22,138
22,139
22,140
22,141
22,142
22,143
22,144
22,145
22,146
22,147
22,148
22,149
22,150
22,151
22,152
22,153
22,154
22,155
22,156
22,157
22,158
22,159
22,160
22,161
22,162
22,163
22,164
22,165
22,166
22,167
22,168
22,169
22,170
22,171
22,172
22,173
22,174
22,175
22,176
22,177
22,178
22,179
22,180
22,181
22,182
22,183
22,184
22,185
22,186
22,187
22,188
22,189
22,190
22,191
22,192
22,193
22,194
22,195
22,196
22,197
22,198
22,199
22,200
22,201
22,202
22,203
22,204
22,205
22,206
22,207
22,208
22,209
22,210
22,211
22,212
22,213
22,214
22,215
22,216
22,217
22,218
22,219
22,220
22,221
22,222
22,223
22,224
22,225
22,226
22,227
22,228
22,229
22,230
22,231
22,232
22,233
22,234
22,235
22,236
22,237
22,238
22,239
22,240
22,241
22,242
22,243
22,244
22,245
22,246
22,247
22,248
22,249
22,250
22,251
22,252
22,253
22,254
22,500
22,5000
22,5001
22,5002
22,5003
22,5004
22,5005
22,5006
22,5007
22,5008
22,5009
22,501
22,5010
22,5011
22,5012
22,5013
22,5014
22,5015
22,5016
22,5017
22,5018
22,5019
22,502
22,5020
22,5021
22,5022
22,5023
22,5024
22,5025
22,5026
22,5027
22,5028
22,5029
22,503
22,5030
22,5031
22,5032
22,5033
22,5034
22,5035
22,5036
22,5037
22,5038
22,5039
22,504
22,5040
22,5041
22,5042
22,5043
22,5044
22,5045
22,5046
22,5047
22,5048
22,5049
22,505
22,5050
22,5051
22,5052
22,5053
22,5054
22,5055
22,5056
22,5057
22,5058
22,5059
22,506
22,5060
22,5061
22,5062
22,5063
22,5064
22,5065
22,5066
22,5067
22,5068
22,5069
22,507
22,5070
22,5071
22,5072
22,5073
22,5074
22,5075
22,5076
22,5077
22,5078
22,5079
22,508
22,5080
22,5081
22,5082
22,5083
22,5084
22,5085
22,5086
22,5087
22,5088
22,5089
22,509
22,5090
22,5091
22,5092
22,5093
22,5094
22,5095
22,5096
22,5097
22,5098
22,5099
22,510
22,5100
22,5101
22,5102
22,5103
22,5104
22,5105
22,5106
22,5107
22,5108
22,5109
22,511
22,5110
22,5111
22,5112
22,5113
22,5114
22,5115
22,5116
22,5117
22,5118
22,5119
22,512
22,5120
22,5121
22,5122
22,5123
22,5124
22,5125
22,5126
22,5127
22,5128
22,5129
22,513
22,5130
22,5131
22,5132
22,5133
22,5134
22,5135
22,5136
22,5137
22,5138
22,5139
22,514
22,5140
22,5141
22,5142
22,5143
22,5144
22,5145
22,5146
22,5147
22,5148
22,5149
22,515
22,5150
22,5151
22,5152
22,5153
22,5154
22,5155
22,5156
22,5157
22,5158
22,5159
22,516
22,5160
22,5161
22,5162
22,5163
22,5164
22,5165
22,5166
22,5167
22,5168
22,5169
22,517
22,5170
22,5171
22,5172
22,5173
22,5174
22,5175
22,5176
22,5177
22,5178
22,5179
22,518
22,5180
22,5181
22,5182
22,5183
22,5184
22,5186
22,5187
22,5188
22,5189
22,519
22,5190
22,5191
22,5192
22,5193
22,5194
22,5195
22,5196
22,5197
22,5198
22,5199
22,520
22,5200
22,5201
22,5202
22,5203
22,5204
22,5205
22,5206
22,5207
22,5208
22,5209
22,521
22,5210
22,5211
22,5212
22,5213
22,5214
22,5215
22,5216
22,5217
22,5218
22,5219
22,522
22,5220
22,5221
22,5222
22,5223
22,5224
22,5225
22,5226
22,5227
22,5228
22,5229
22,523
22,5230
22,5231
22,5232
22,5233
22,5234
22,5235
22,5236
22,5237
22,5238
22,5239
22,524
22,5240
22,5241
22,5242
22,5243
22,5244
22,5245
22,5246
22,5247
22,5248
22,5249
22,525
22,5250
22,5251
22,5252
22,5253
22,5254
22,5255
22,5256
22,5257
22,5258
22,5259
22,526
22,5260
22,5261
22,5262
22,5263
22,5264
22,5265
22,5266
22,5267
22,5268
22,5269
22,527
22,5270
22,5271
22,5272
22,5273
22,5274
22,528
22,529
22,530
22,531
22,532
22,533
22,534
22,535
22,536
22,537
22,538
22,539
22,540
22,541
22,542
22,543
22,544
22,545
22,546
22,547
22,548
22,549
22,550
22,551
22,552
22,553
22,554
22,555
22,556
22,557
22,558
22,559
22,560
22,561
22,562
22,563
22,564
22,565
22,566
22,567
22,568
22,569
22,570
22,571
22,572
22,573
22,574
22,575
22,576
22,577
22,578
22,579
22,580
22,581
22,582
22,583
22,584
22,585
22,586
22,587
22,588
22,589
22,590
22,591
22,592
22,593
22,594
22,595
22,596
22,597
22,598
22,599
22,600
22,601
22,602
22,603
22,604
22,605
22,606
22,607
22,608
22,609
22,610
22,611
22,612
22,613
22,614
22,615
22,616
22,617
22,618
22,619
22,620
22,621
22,622
22,623
22,624
22,625
22,626
22,627
22,628
22,629
22,630
22,631
22,632
22,633
22,634
22,635
22,636
22,637
22,638
22,639
22,640
22,641
22,642
22,643
22,644
22,645
22,646
22,647
22,648
22,649
22,650
22,651
22,652
22,653
22,654
22,901
22,902
22,903
22,904
22,905
22,906
22,907
22,908
22,909
23,1
23,2
23,3
23,4
23,5
23,6
23,7
23,8
23,9
23,10
23,11
23,12
23,13
23,14
23,15
23,16
23,17
23,18
23,19
23,20
23,21
23,22
23,23
23,24
23,25
23,26
23,27
23,28
23,29
23,30
23,31
23,32
23,33
23,34
23,35
23,36
23,37
23,38
23,39
23,40
23,41
23,42
23,43
23,44
23,45
23,46
23,47
23,48
23,49
23,50
23,51
23,52
23,53
23,54
23,55
23,56
23,57
23,58
23,59
23,60
23,61
23,62
23,63
23,64
23,65
23,66
23,67
23,68
23,69
23,70
23,71
23,72
23,73
23,74
23,75
23,76
23,77
23,78
23,79
23,80
23,81
23,82
23,83
23,84
23,85
23,86
23,87
23,88
23,89
23,90
23,91
23,92
23,93
23,94
23,95
23,96
23,97
23,98
23,99
23,100
23,101
23,500
23,501
23,901
23,902
23,903
23,904
23,905
24,1
24,2
24,3
24,4
24,5
24,6
24,7
24,8
24,9
24,10
24,11
24,12
24,13
24,14
24,15
24,16
24,17
24,18
24,19
24,20
24,21
24,22
24,23
24,24
24,25
24,26
24,27
24,28
24,29
24,30
24,31
24,32
24,33
24,34
24,35
24,36
24,37
24,38
24,39
24,40
24,41
24,42
24,43
24,44
24,45
24,46
24,47
24,48
24,49
24,50
24,51
24,52
24,53
24,54
24,55
24,56
24,57
24,58
24,59
24,60
24,61
24,62
24,63
24,64
24,65
24,66
24,67
24,68
24,69
24,70
24,71
24,72
24,73
24,74
24,75
24,76
24,77
24,78
24,79
24,80
24,81
24,82
24,83
24,84
24,85
24,86
24,87
24,88
24,89
24,90
24,91
24,92
24,93
24,94
24,95
24,96
24,97
24,98
24,99
24,100
24,101
24,102
24,103
24,104
24,105
24,106
24,107
24,108
24,109
24,110
24,111
24,112
24,113
24,114
24,115
24,116
24,117
24,118
24,119
24,120
24,121
24,122
24,123
24,124
24,125
24,126
24,127
24,128
24,129
24,130
24,131
24,132
24,133
24,134
24,135
24,136
24,137
24,138
24,139
24,140
24,141
24,142
24,143
24,144
24,145
24,146
24,147
24,148
24,149
24,150
24,151
24,152
24,153
24,154
24,155
24,156
24,157
24,158
24,159
24,160
24,161
24,162
24,163
24,164
24,165
24,166
24,167
24,168
24,169
24,170
24,171
24,172
24,173
24,174
24,175
24,176
24,177
24,178
24,179
24,180
24,181
24,182
24,183
24,184
24,185
24,186
24,187
24,188
24,189
24,190
24,191
24,192
24,193
24,194
24,195
24,196
24,197
24,198
24,199
24,200
24,201
24,202
24,203
24,204
24,205
24,206
24,207
24,208
24,209
24,210
24,211
24,212
24,213
24,214
24,215
24,216
24,217
24,218
24,219
24,220
24,221
24,222
24,223
24,224
24,225
24,226
24,227
24,228
24,229
24,230
24,500
24,5000
24,5001
24,501
24,502
24,503
24,504
24,505
24,506
24,507
24,508
24,509
24,510
24,901
24,902
25,1
25,2
25,3
25,4
25,5
25,6
25,7
25,8
25,9
25,10
25,11
25,12
25,13
25,14
25,15
25,16
25,17
25,18
25,19
25,20
25,21
25,22
25,23
25,24
25,25
25,26
25,27
25,28
25,29
25,30
25,31
25,32
25,33
25,34
25,35
25,36
25,37
25,38
25,39
25,40
25,41
25,42
25,43
25,44
25,45
25,46
25,47
25,48
25,49
25,50
25,51
25,52
25,53
25,54
25,55
25,56
25,57
25,58
25,59
25,60
25,61
25,62
25,63
25,64
25,65
25,66
25,67
25,68
25,69
25,70
25,71
25,72
25,73
25,74
25,75
25,76
25,77
25,78
25,79
25,80
25,81
25,82
25,83
25,84
25,85
25,86
25,87
25,88
25,89
25,90
25,91
25,92
25,93
25,94
25,95
25,96
25,97
25,98
25,99
25,100
25,101
25,102
25,103
25,104
25,105
25,106
25,107
25,108
25,109
25,110
25,111
25,112
25,113
25,114
25,115
25,116
25,117
25,118
25,119
25,120
25,121
25,122
25,123
25,124
25,125
25,126
25,127
25,128
25,129
25,130
25,131
25,132
25,133
25,134
25,135
25,136
25,137
25,138
25,139
25,140
25,141
25,142
25,143
25,144
25,145
25,146
25,147
25,148
25,149
25,150
25,151
25,152
25,153
25,154
25,155
25,156
25,157
25,158
25,159
25,160
25,161
25,162
25,163
25,164
25,165
25,166
25,167
25,168
25,169
25,170
25,171
25,172
25,173
25,174
25,175
25,176
25,177
25,178
25,179
25,180
25,181
25,182
25,183
25,184
25,185
25,186
25,187
25,188
25,189
25,190
25,191
25,192
25,193
25,194
25,195
25,196
25,197
25,198
25,199
25,200
25,201
25,202
25,203
25,204
25,205
25,206
25,207
25,208
25,209
25,210
25,211
25,212
25,213
25,214
25,215
25,216
25,217
25,218
25,219
25,220
25,221
25,222
25,223
25,224
25,225
25,226
25,227
25,228
25,229
25,230
25,231
25,232
25,233
25,234
25,235
25,236
25,237
25,238
25,239
25,240
25,241
25,242
25,243
25,244
25,245
25,246
25,247
25,248
25,249
25,250
25,251
25,252
25,253
25,254
25,255
25,500
25,5000
25,5001
25,5002
25,5003
25,5004
25,5005
25,5006
25,5007
25,5008
25,5009
25,501
25,5010
25,5011
25,5012
25,5013
25,5014
25,5015
25,5016
25,5017
25,5018
25,5019
25,502
25,5020
25,5021
25,5022
25,5023
25,5024
25,5025
25,5026
25,5027
25,5028
25,5029
25,503
25,5030
25,5031
25,5032
25,5033
25,5034
25,5035
25,5036
25,5037
25,5038
25,5039
25,504
25,5040
25,5041
25,5042
25,5043
25,5044
25,5045
25,5046
25,5047
25,5048
25,5049
25,505
25,5050
25,5051
25,5052
25,5053
25,5054
25,5055
25,5056
25,5057
25,5059
25,506
25,5060
25,5061
25,5062
25,5063
25,5064
25,5065
25,5066
25,5067
25,5068
25,5069
25,507
25,5070
25,5071
25,5072
25,5073
25,5074
25,5075
25,5076
25,5077
25,5078
25,5079
25,508
25,5080
25,5081
25,5082
25,5083
25,5085
25,5086
25,5087
25,5088
25,5089
25,509
25,5090
25,5091
25,5092
25,5093
25,5094
25,5095
25,5096
25,5097
25,5098
25,5099
25,510
25,5100
25,5101
25,5102
25,5103
25,5104
25,5105
25,5106
25,5107
25,5108
25,5109
25,511
25,5110
25,5111
25,5112
25,5113
25,5114
25,5115
25,5116
25,5117
25,5118
25,5119
25,512
25,5120
25,5121
25,5122
25,5123
25,5124
25,5125
25,5126
25,5127
25,5128
25,5129
25,513
25,5130
25,5131
25,5132
25,5133
25,5134
25,5135
25,5136
25,5137
25,5138
25,5139
25,514
25,5140
25,5141
25,5142
25,5143
25,5144
25,5145
25,5146
25,5147
25,5148
25,5149
25,515
25,5150
25,5151
25,5152
25,5153
25,5154
25,5155
25,5156
25,5157
25,5158
25,5159
25,516
25,5160
25,5161
25,5162
25,5163
25,5164
25,5165
25,5166
25,5167
25,5168
25,5169
25,517
25,5170
25,5171
25,5172
25,5173
25,5174
25,5175
25,5176
25,5177
25,5178
25,5179
25,518
25,5180
25,5181
25,5182
25,5183
25,5184
25,5185
25,5186
25,5187
25,5188
25,5189
25,519
25,5190
25,5191
25,5192
25,5193
25,5194
25,5195
25,5196
25,5197
25,5198
25,5199
25,520
25,5200
25,5201
25,5202
25,5203
25,5204
25,5205
25,5206
25,5207
25,5208
25,5209
25,521
25,5210
25,5211
25,5212
25,5213
25,5214
25,5215
25,5216
25,5217
25,5218
25,5219
25,522
25,5220
25,5221
25,5222
25,5223
25,5225
25,5226
25,5227
25,5228
25,5229
25,523
25,5230
25,5231
25,5232
25,5233
25,5234
25,5235
25,5236
25,5237
25,5238
25,5239
25,524
25,5240
25,5241
25,5242
25,5243
25,5244
25,5245
25,5246
25,5247
25,5248
25,5249
25,525
25,5250
25,5251
25,5252
25,5253
25,5254
25,5255
25,5256
25,5257
25,5258
25,5259
25,526
25,5260
25,5261
25,5262
25,5263
25,5264
25,5265
25,5266
25,5267
25,5268
25,5269
25,527
25,5270
25,5271
25,5272
25,5273
25,5274
25,5275
25,5276
25,5277
25,5278
25,5279
25,528
25,5280
25,5281
25,5282
25,5283
25,5284
25,5285
25,5286
25,5287
25,5288
25,5289
25,529
25,5290
25,5291
25,5292
25,5293
25,5294
25,5295
25,5296
25,5297
25,5298
25,5299
25,530
25,5300
25,5301
25,5302
25,5303
25,5304
25,5305
25,5306
25,5307
25,5308
25,5309
25,531
25,5310
25,5311
25,5312
25,5313
25,5314
25,5315
25,5316
25,5317
25,5318
25,5319
25,532
25,5320
25,5321
25,5322
25,5323
25,5324
25,5325
25,5326
25,5327
25,5328
25,5329
25,533
25,5330
25,5331
25,5332
25,5333
25,5334
25,5335
25,5336
25,5337
25,5338
25,5339
25,534
25,5340
25,5341
25,5342
25,5343
25,5344
25,5345
25,5346
25,5347
25,5348
25,5349
25,535
25,5350
25,5351
25,5352
25,5353
25,5354
25,5355
25,5356
25,5357
25,5358
25,5359
25,536
25,5360
25,5361
25,5362
25,5363
25,5364
25,5365
25,5366
25,5367
25,5368
25,5369
25,537
25,5370
25,5371
25,5372
25,5373
25,5374
25,5375
25,5376
25,5377
25,5378
25,5379
25,538
25,5380
25,5381
25,5382
25,5383
25,5384
25,5385
25,5386
25,5387
25,5388
25,5389
25,539
25,5390
25,5391
25,5392
25,5393
25,5394
25,5395
25,5396
25,5397
25,5398
25,5399
25,540
25,5400
25,5401
25,5402
25,541
25,542
25,543
25,544
25,545
25,546
25,547
25,548
25,549
25,550
25,551
25,552
25,553
25,554
25,555
25,556
25,557
25,558
25,559
25,560
25,561
25,562
25,563
25,564
25,565
25,566
25,567
25,568
25,569
25,570
25,571
25,572
25,573
25,574
25,575
25,576
25,577
25,578
25,579
25,580
25,581
25,582
25,583
25,584
25,585
25,586
25,587
25,588
25,589
25,590
25,591
25,592
25,593
25,594
25,595
25,596
25,901
25,902
25,903
25,904
25,905
25,906
25,907
25,908
25,909
25,910
25,911
25,912
25,913
26,1
26,2
26,3
26,4
26,5
26,6
26,7
26,8
26,9
26,10
26,11
26,12
26,13
26,14
26,15
26,16
26,17
26,18
26,19
26,20
26,21
26,22
26,23
26,24
26,25
26,26
26,27
26,28
26,29
26,30
26,31
26,32
26,33
26,34
26,35
26,36
26,37
26,38
26,39
26,40
26,41
26,42
26,43
26,44
26,45
26,46
26,47
26,48
26,49
26,50
26,51
26,52
26,53
26,54
26,55
26,56
26,57
26,58
26,59
26,60
26,61
26,62
26,63
26,64
26,65
26,66
26,67
26,68
26,69
26,70
26,71
26,72
26,73
26,74
26,75
26,76
26,77
26,78
26,79
26,80
26,81
26,82
26,83
26,84
26,85
26,86
26,87
26,88
26,89
26,90
26,91
26,92
26,93
26,94
26,95
26,96
26,97
26,98
26,99
26,100
26,101
26,102
26,103
26,104
26,105
26,106
26,107
26,108
26,109
26,110
26,111
26,112
26,113
26,114
26,115
26,116
26,117
26,118
26,119
26,120
26,121
26,122
26,123
26,124
26,125
26,126
26,127
26,128
26,129
26,130
26,131
26,132
26,133
26,134
26,135
26,136
26,137
26,138
26,139
26,140
26,141
26,142
26,143
26,144
26,145
26,146
26,147
26,148
26,149
26,150
26,151
26,152
26,153
26,154
26,155
26,156
26,157
26,158
26,159
26,160
26,161
26,162
26,163
26,164
26,165
26,166
26,167
26,168
26,169
26,170
26,171
26,172
26,173
26,174
26,175
26,176
26,177
26,178
26,179
26,180
26,181
26,182
26,183
26,500
26,5000
26,5001
26,5002
26,5003
26,5004
26,5005
26,5006
26,5007
26,5008
26,5009
26,501
26,5010
26,5011
26,5012
26,502
26,503
26,504
26,505
26,506
27,1
27,2
27,3
27,4
27,5
27,6
27,7
27,8
27,9
27,10
27,11
27,12
27,13
27,14
27,15
27,16
27,17
27,18
27,19
27,20
27,21
27,22
27,23
27,24
27,25
27,26
27,27
27,28
27,29
27,30
27,31
27,32
27,33
27,34
27,35
27,36
27,37
27,38
27,39
27,40
27,41
27,42
27,43
27,44
27,45
27,46
27,47
27,48
27,49
27,50
27,51
27,52
27,53
27,54
27,55
27,56
27,57
27,58
27,59
27,60
27,61
27,62
27,63
27,64
27,65
27,66
27,500
27,501
27,901
27,902
28,1
28,2
28,3
28,4
28,5
28,6
28,7
28,8
28,9
28,10
28,11
28,12
28,13
28,14
28,15
28,16
28,17
28,18
28,19
28,20
28,21
28,22
28,23
28,24
28,25
28,26
28,27
28,28
28,29
28,30
28,31
28,32
28,33
28,34
28,35
28,36
28,37
28,38
28,39
28,40
28,41
28,42
28,43
28,44
28,45
28,46
28,47
28,48
28,49
28,50
28,51
28,52
28,53
28,54
28,55
28,56
28,57
28,58
28,59
28,60
28,61
28,62
28,63
28,64
28,65
28,66
28,67
28,68
28,69
28,70
28,71
28,72
28,73
28,74
28,75
28,76
28,77
28,78
28,79
28,80
28,81
28,82
28,83
28,84
28,85
28,86
28,87
28,88
28,89
28,90
28,91
28,92
28,93
28,94
28,95
28,96
28,97
28,98
28,99
28,100
28,101
28,102
28,103
28,104
28,105
28,106
28,107
28,108
28,109
28,110
28,111
28,112
28,113
28,114
28,115
28,116
28,117
28,118
28,119
28,120
28,121
28,122
28,123
28,124
28,125
28,126
28,127
28,128
28,129
28,130
28,131
28,132
28,133
28,134
28,135
28,136
28,137
28,138
28,139
28,140
28,141
28,142
28,143
28,144
28,145
28,146
28,147
28,148
28,149
28,150
28,151
28,152
28,153
28,154
28,155
28,156
28,157
28,158
28,159
28,160
28,161
28,162
28,163
28,164
28,165
28,166
28,167
28,168
28,169
28,170
28,171
28,172
28,173
28,174
28,175
28,176
28,177
28,178
28,179
28,180
28,181
28,182
28,183
28,500
28,5000
28,5001
28,5002
28,5003
28,5004
28,5005
28,5006
28,5007
28,5008
28,5009
28,501
28,5010
28,5011
28,5012
28,5013
28,5014
28,502
28,503
28,504
28,505
28,506
28,507
28,508
28,509
28,510
28,511
28,512
28,513
28,514
28,515
28,516
28,901
28,902
28,903
29,1
29,2
29,3
29,4
29,5
29,6
29,7
29,8
29,9
29,10
29,11
29,12
29,13
29,14
29,15
29,16
29,17
29,18
29,19
29,20
29,21
29,22
29,23
29,24
29,25
29,26
29,27
29,28
29,29
29,30
29,31
29,32
29,33
29,34
29,35
29,36
29,37
29,38
29,39
29,40
29,41
29,42
29,43
29,44
29,45
29,46
29,47
29,48
29,49
29,50
29,51
29,52
29,53
29,54
29,55
29,56
29,57
29,58
29,59
29,60
29,61
29,62
29,63
29,64
29,65
29,66
29,67
29,68
29,69
29,70
29,71
29,72
29,73
29,74
29,75
29,76
29,77
29,78
29,79
29,80
29,81
29,82
29,83
29,84
29,85
29,86
29,87
29,88
29,89
29,90
29,91
29,92
29,93
29,94
29,95
29,96
29,97
29,98
29,99
29,100
29,500
29,5000
29,501
29,502
29,503
29,504
29,505
29,506
29,507
29,901
29,902
30,1
30,2
30,3
30,4
30,5
30,6
30,7
30,8
30,9
30,10
30,11
30,12
30,13
30,14
30,15
30,16
30,17
30,18
30,19
30,20
30,21
30,22
30,23
30,24
30,25
30,26
30,27
30,28
30,29
30,30
30,31
30,32
30,33
30,34
30,35
30,36
30,37
30,38
30,39
30,40
30,41
30,42
30,43
30,5000
30,5001
30,5002
30,5003
30,5004
30,5005
30,5006
30,5007
30,5008
30,5009
30,5010
30,5011
30,901
30,902
31,1
31,2
31,3
31,4
31,5
31,6
31,7
31,8
31,9
31,10
31,11
31,12
31,13
31,14
31,15
31,16
31,17
31,18
31,19
31,20
31,21
31,22
31,23
31,24
31,25
31,26
31,27
31,28
31,29
31,30
31,31
31,32
31,33
31,34
31,35
31,36
31,37
31,38
31,39
31,40
31,41
31,42
31,43
31,44
31,45
31,46
31,47
31,48
31,49
31,50
31,51
31,52
31,53
31,54
31,55
31,56
31,57
31,58
31,59
31,60
31,61
31,62
31,63
31,64
31,65
31,66
31,67
31,68
31,69
31,70
31,71
31,72
31,73
31,74
31,75
31,76
31,77
31,78
31,79
31,80
31,81
31,82
31,83
31,84
31,85
31,86
31,87
31,88
31,89
31,90
31,91
31,92
31,93
31,94
31,95
31,96
31,97
31,98
31,99
31,100
31,101
31,102
31,103
31,104
31,105
31,106
31,107
31,108
31,109
31,110
31,111
31,112
31,113
31,114
31,115
31,116
31,117
31,118
31,119
31,120
31,121
31,122
31,123
31,124
31,125
31,126
31,127
31,128
31,129
31,130
31,131
31,132
31,133
31,134
31,135
31,136
31,137
31,138
31,139
31,140
31,141
31,142
31,143
31,144
31,145
31,146
31,147
31,148
31,149
31,150
31,151
31,152
31,153
31,154
31,155
31,156
31,157
31,158
31,159
31,160
31,161
31,162
31,163
31,164
31,165
31,166
31,167
31,168
31,169
31,170
31,171
31,172
31,173
31,174
31,175
31,176
31,177
31,178
31,179
31,180
31,181
31,182
31,183
31,184
31,185
31,186
31,187
31,188
31,189
31,190
31,191
31,192
31,193
31,194
31,195
31,196
31,197
31,198
31,199
31,200
31,201
31,202
31,203
31,204
31,205
31,206
31,207
31,208
31,209
31,210
31,211
31,212
31,213
31,214
31,215
31,216
31,217
31,218
31,219
31,220
31,221
31,222
31,223
31,224
31,225
31,226
31,227
31,228
31,229
31,230
31,231
31,232
31,233
31,234
31,235
31,236
31,237
31,238
31,239
31,240
31,241
31,242
31,243
31,244
31,245
31,246
31,247
31,248
31,249
31,250
31,251
31,252
31,253
31,254
31,255
31,256
31,257
31,258
31,259
31,260
31,261
31,262
31,263
31,264
31,265
31,500
31,5000
31,5001
31,5002
31,5003
31,5004
31,5005
31,5006
31,5007
31,5008
31,5009
31,501
31,5010
31,5011
31,5012
31,5013
31,5014
31,5015
31,5016
31,5017
31,5018
31,5019
31,502
31,5020
31,5021
31,5022
31,5023
31,5024
31,5025
31,5026
31,5027
31,5028
31,5029
31,503
31,5030
31,5031
31,5032
31,5033
31,5034
31,5035
31,5036
31,5037
31,5038
31,5039
31,504
31,5040
31,5041
31,5042
31,5043
31,5044
31,5045
31,5046
31,5047
31,5048
31,5049
31,505
31,5050
31,5051
31,5052
31,5053
31,5054
31,5055
31,5056
31,5057
31,5058
31,5059
31,506
31,5060
31,5061
31,5062
31,5063
31,5064
31,5065
31,5066
31,5067
31,5068
31,5069
31,507
31,5070
31,5071
31,5072
31,5073
31,5074
31,5075
31,5076
31,5077
31,5078
31,5079
31,5080
31,5081
31,5082
31,5083
31,5084
31,5085
31,5086
31,5087
31,5088
31,5089
31,5090
31,5091
31,5092
31,5093
31,5094
31,5095
31,5096
31,5097
31,5098
31,5099
31,5100
31,5101
31,5102
31,5103
31,5104
31,5105
31,5106
31,5107
31,5108
31,5109
31,5110
31,5111
31,5112
31,5113
31,5114
31,5115
31,5116
31,5117
31,5118
31,5119
31,5120
31,901
31,902
31,903
31,904
31,905
31,906
31,907
31,908
32,1
32,2
32,3
32,4
32,5
32,6
32,7
32,8
32,9
32,10
32,11
32,12
32,13
32,14
32,15
32,16
32,17
32,18
32,19
32,20
32,21
32,22
32,23
32,24
32,25
32,26
32,27
32,28
32,29
32,30
32,31
32,32
32,33
32,34
32,35
32,36
32,37
32,38
32,39
32,40
32,41
32,42
32,43
32,44
32,45
32,46
32,47
32,48
32,49
32,50
32,51
32,52
32,53
32,54
32,55
32,56
32,57
32,58
32,59
32,60
32,61
32,62
32,63
32,64
32,65
32,66
32,67
32,68
32,69
32,70
32,71
32,72
32,73
32,74
32,75
32,76
32,77
32,78
32,79
32,80
32,81
32,82
32,83
32,84
32,85
32,86
32,87
32,88
32,89
32,90
32,91
32,92
32,500
32,501
32,502
32,503
32,504
32,505
33,1
33,2
33,3
33,4
33,5
33,6
33,7
33,8
33,9
33,10
33,11
33,12
33,13
33,14
33,15
33,16
33,17
33,18
33,19
33,20
33,21
33,22
33,23
33,24
33,25
33,26
33,27
33,28
33,29
33,30
33,31
33,32
33,33
33,34
33,35
33,36
33,37
33,38
33,39
33,40
33,41
33,42
33,43
33,44
33,45
33,46
33,47
33,48
33,49
33,50
33,51
33,52
33,53
33,54
33,55
33,56
33,57
33,58
33,59
33,60
33,61
33,62
33,63
33,64
33,65
33,66
33,67
33,68
33,69
33,70
33,71
33,72
33,73
33,74
33,75
33,76
33,77
33,78
33,500
33,501
33,502
33,503
34,1
34,2
34,3
34,4
34,5
34,6
34,7
34,8
34,9
34,10
34,11
34,12
34,13
34,14
34,15
34,16
34,17
34,18
34,19
34,20
34,21
34,22
34,23
34,24
34,25
34,26
34,27
34,28
34,29
34,30
34,31
34,32
34,33
34,34
34,35
34,36
34,37
34,38
34,39
34,40
34,41
34,42
34,43
34,44
34,45
34,46
34,47
34,48
34,49
34,50
34,51
34,52
34,53
34,54
34,55
34,56
34,57
34,58
34,59
34,60
34,61
34,62
34,63
34,64
34,65
34,66
34,67
34,68
34,69
34,70
34,71
34,72
34,73
34,74
34,75
34,76
34,77
34,78
34,79
34,80
34,81
34,82
34,83
34,84
34,85
34,86
34,87
34,88
34,89
34,90
34,91
34,92
34,93
34,94
34,95
34,96
34,97
34,98
34,99
34,100
34,101
34,102
34,103
34,104
34,105
34,106
34,107
34,108
34,109
34,110
34,111
34,112
34,113
34,114
34,115
34,116
34,117
34,118
34,119
34,120
34,121
34,122
34,123
34,124
34,125
34,126
34,127
34,128
34,129
34,130
34,131
34,132
34,133
34,134
34,135
34,136
34,137
34,138
34,139
34,140
34,141
34,142
34,143
34,144
34,145
34,146
34,147
34,148
34,149
34,150
34,151
34,152
34,153
34,154
34,155
34,156
34,157
34,158
34,159
34,160
34,161
34,162
34,163
34,164
34,165
34,166
34,167
34,168
34,169
34,170
34,171
34,172
34,173
34,174
34,175
34,176
34,177
34,178
34,179
34,180
34,181
34,182
34,183
34,184
34,185
34,186
34,187
34,188
34,189
34,190
34,191
34,192
34,193
34,194
34,195
34,196
34,197
34,198
34,199
34,200
34,201
34,202
34,203
34,204
34,205
34,206
34,207
34,208
34,209
34,210
34,211
34,212
34,213
34,214
34,215
34,216
34,217
34,218
34,219
34,220
34,221
34,222
34,223
34,224
34,225
34,226
34,227
34,228
34,229
34,230
34,231
34,232
34,233
34,234
34,235
34,236
34,237
34,238
34,239
34,240
34,241
34,242
34,243
34,244
34,245
34,246
34,500
34,5000
34,5001
34,5002
34,5003
34,5004
34,5005
34,5006
34,5007
34,5008
34,5009
34,501
34,5010
34,5011
34,5012
34,5013
34,5014
34,5015
34,5016
34,5017
34,5018
34,5019
34,502
34,5020
34,5021
34,5022
34,5023
34,5024
34,5025
34,5026
34,5027
34,5028
34,5029
34,503
34,5030
34,5031
34,5032
34,5033
34,5034
34,5035
34,5036
34,5037
34,5038
34,5039
34,504
34,5040
34,5041
34,5042
34,5043
34,5044
34,5045
34,5046
34,5047
34,5048
34,5049
34,505
34,5050
34,5051
34,5052
34,5053
34,5054
34,5055
34,5056
34,5057
34,5058
34,5059
34,506
34,5060
34,5061
34,5062
34,5063
34,5064
34,5065
34,5066
34,5067
34,5068
34,5069
34,507
34,5070
34,5071
34,5072
34,5073
34,5074
34,5075
34,5076
34,5077
34,5078
34,5079
34,508
34,5080
34,5081
34,5082
34,5083
34,5084
34,5085
34,5086
34,5087
34,5088
34,5089
34,509
34,5090
34,5091
34,5092
34,5093
34,5094
34,5095
34,5096
34,5097
34,5098
34,5099
34,510
34,5100
34,5101
34,5102
34,5103
34,5104
34,5105
34,5106
34,5107
34,5108
34,5109
34,511
34,5110
34,5111
34,5112
34,5113
34,5114
34,5115
34,5116
34,5117
34,5118
34,5119
34,512
34,5120
34,5121
34,5122
34,5123
34,5124
34,5125
34,5126
34,5127
34,5128
34,5129
34,513
34,5130
34,5131
34,5132
34,5133
34,5134
34,5135
34,5136
34,5137
34,5138
34,5139
34,514
34,5140
34,5141
34,5142
34,5143
34,5144
34,5145
34,5146
34,5147
34,5148
34,5149
34,515
34,5150
34,5151
34,5152
34,5153
34,5154
34,5155
34,5156
34,5157
34,5158
34,5159
34,516
34,5160
34,5161
34,5162
34,5163
34,5164
34,5165
34,5166
34,5167
34,5168
34,5169
34,517
34,5170
34,5171
34,5172
34,5173
34,5174
34,5175
34,518
34,519
34,901
34,902
34,903
34,904
35,1
35,2
35,3
35,4
35,5
35,6
35,7
35,8
35,9
35,10
35,11
35,12
35,13
35,14
35,15
35,16
35,17
35,18
35,19
35,20
35,21
35,22
35,23
35,24
35,25
35,26
35,27
35,28
35,29
35,30
35,31
35,32
35,33
35,34
35,500
35,501
35,502
35,503
36,1
36,2
36,3
36,4
36,5
36,6
36,7
36,8
36,9
36,10
36,11
36,12
36,13
36,14
36,15
36,16
36,17
36,18
36,19
36,20
36,21
36,22
36,23
36,24
36,25
36,26
36,27
36,28
36,29
36,30
36,31
36,32
36,33
36,34
36,35
36,36
36,37
36,38
36,39
36,40
36,41
36,42
36,43
36,44
36,45
36,46
36,47
36,48
36,49
36,50
36,51
36,52
36,53
36,54
36,55
36,56
36,57
36,58
36,59
36,60
36,61
36,500
36,5000
36,501
36,502
36,503
36,504
36,505
36,506
36,507
36,508
36,509
36,901
37,1
37,2
37,3
37,4
37,5
37,6
37,7
37,8
37,9
37,10
37,11
37,12
37,13
37,14
37,15
37,16
37,17
37,18
37,19
37,20
37,21
37,22
37,23
37,24
37,25
37,26
37,27
37,28
37,29
37,30
37,31
37,32
37,33
37,34
37,35
37,36
37,37
37,38
37,39
37,40
37,41
37,42
37,43
37,44
37,45
37,46
37,47
37,48
37,49
37,50
37,51
37,52
37,53
37,54
37,55
37,56
37,57
37,58
37,59
37,60
37,61
37,62
37,63
37,64
37,65
37,66
37,67
37,68
37,69
37,70
37,71
37,72
37,73
37,74
37,75
37,76
37,77
37,78
37,79
37,80
37,81
37,82
37,83
37,84
37,85
37,86
37,87
37,88
37,89
37,90
37,91
37,92
37,93
37,94
37,95
37,96
37,97
37,98
37,99
37,100
37,101
37,102
37,103
37,104
37,105
37,106
37,107
37,108
37,109
37,110
37,111
37,112
37,113
37,114
37,115
37,116
37,117
37,118
37,119
37,120
37,121
37,122
37,123
37,124
37,125
37,126
37,127
37,128
37,129
37,130
37,131
37,132
37,133
37,134
37,135
37,136
37,137
37,138
37,139
37,140
37,141
37,142
37,143
37,144
37,145
37,146
37,147
37,148
37,149
37,150
37,151
37,152
37,153
37,154
37,155
37,156
37,157
37,158
37,159
37,160
37,161
37,162
37,163
37,164
37,165
37,166
37,167
37,168
37,169
37,170
37,171
37,172
37,173
37,174
37,175
37,176
37,177
37,178
37,179
37,180
37,181
37,182
37,183
37,184
37,185
37,186
37,187
37,188
37,189
37,190
37,191
37,192
37,193
37,194
37,195
37,196
37,197
37,198
37,199
37,200
37,201
37,202
37,203
37,204
37,205
37,206
37,207
37,208
37,209
37,210
37,211
37,212
37,213
37,214
37,215
37,216
37,217
37,218
37,219
37,220
37,221
37,222
37,223
37,224
37,225
37,226
37,227
37,228
37,229
37,230
37,231
37,232
37,233
37,234
37,235
37,236
37,237
37,238
37,239
37,240
37,241
37,242
37,243
37,244
37,245
37,246
37,247
37,248
37,249
37,250
37,251
37,252
37,253
37,254
37,255
37,256
37,257
37,258
37,259
37,260
37,261
37,262
37,263
37,264
37,265
37,266
37,267
37,268
37,269
37,270
37,271
37,272
37,273
37,274
37,275
37,276
37,277
37,278
37,279
37,280
37,281
37,282
37,283
37,284
37,285
37,286
37,287
37,288
37,289
37,290
37,291
37,292
37,293
37,294
37,295
37,296
37,297
37,298
37,299
37,300
37,301
37,302
37,303
37,304
37,305
37,306
37,307
37,308
37,309
37,310
37,311
37,312
37,313
37,314
37,315
37,316
37,317
37,318
37,319
37,320
37,321
37,322
37,323
37,324
37,325
37,326
37,327
37,328
37,329
37,330
37,331
37,332
37,333
37,334
37,335
37,336
37,337
37,338
37,339
37,340
37,341
37,342
37,343
37,344
37,345
37,346
37,347
37,348
37,349
37,350
37,351
37,352
37,353
37,354
37,355
37,356
37,357
37,358
37,359
37,360
37,361
37,362
37,363
37,364
37,365
37,366
37,367
37,368
37,369
37,370
37,371
37,372
37,373
37,374
37,375
37,376
37,377
37,378
37,379
37,380
37,381
37,382
37,500
37,5000
37,5001
37,5002
37,5003
37,5004
37,5005
37,5006
37,5007
37,5008
37,5009
37,501
37,5010
37,5011
37,5012
37,5013
37,5014
37,5015
37,5016
37,5017
37,5018
37,5019
37,502
37,5020
37,5021
37,5022
37,5023
37,5024
37,5025
37,5026
37,5027
37,5028
37,5029
37,503
37,5030
37,5031
37,5032
37,5033
37,5034
37,5035
37,5036
37,5037
37,5038
37,5039
37,504
37,5040
37,5041
37,5042
37,5043
37,5044
37,5045
37,5046
37,5047
37,5048
37,5049
37,505
37,5050
37,506
37,507
38,1
38,2
38,3
38,4
38,5
38,6
38,7
38,8
38,9
38,10
38,11
38,12
38,13
38,14
38,15
38,16
38,17
38,18
38,19
38,20
38,21
38,22
38,23
38,24
38,25
38,26
38,27
38,28
38,29
38,30
38,31
38,32
38,33
38,34
38,35
38,36
38,37
38,38
38,39
38,40
38,41
38,42
38,43
38,44
38,45
38,46
38,47
38,48
38,49
38,50
38,51
38,52
38,53
38,500
38,5000
38,5001
38,5002
38,5003
38,5004
38,5005
38,5006
38,501
38,901
39,1
39,2
39,3
39,4
39,5
39,6
39,7
39,8
39,9
39,10
39,11
39,12
39,13
39,14
39,15
39,16
39,17
39,18
39,19
39,20
39,21
39,22
39,23
39,24
39,25
39,26
39,27
39,28
39,29
39,30
39,31
39,32
39,33
39,34
39,35
39,36
39,37
39,38
39,39
39,40
39,41
39,42
39,43
39,44
39,45
39,46
39,47
39,48
39,49
39,50
39,51
39,52
39,53
39,54
39,55
39,56
39,57
39,58
39,59
39,60
39,61
39,62
39,63
39,64
39,65
39,66
39,67
39,68
39,69
39,70
39,71
39,72
39,73
39,74
39,75
39,76
39,77
39,78
39,79
39,80
39,81
39,82
39,83
39,84
39,85
39,86
39,87
39,88
39,89
39,90
39,91
39,92
39,93
39,94
39,95
39,96
39,97
39,98
39,99
39,100
39,101
39,102
39,500
39,5000
39,5001
39,5002
39,5003
39,501
39,502
39,503
39,504
39,505
39,506
39,507
39,508
39,509
40,1
40,2
40,3
40,4
40,5
40,6
40,7
40,8
40,9
40,10
40,11
40,12
40,13
40,14
40,15
40,16
40,17
40,18
40,19
40,20
40,21
40,22
40,23
40,24
40,25
40,26
40,27
40,28
40,29
40,30
40,31
40,32
40,33
40,34
40,35
40,36
40,37
40,38
40,39
40,40
40,41
40,42
40,43
40,44
40,45
40,46
40,47
40,48
40,49
40,50
40,51
40,52
40,53
40,54
40,55
40,56
40,57
40,58
40,59
40,60
40,61
40,62
40,63
40,64
40,65
40,66
40,67
40,68
40,69
40,70
40,71
40,72
40,73
40,74
40,75
40,76
40,77
40,78
40,79
40,80
40,81
40,82
40,83
40,84
40,85
40,86
40,87
40,88
40,89
40,90
40,91
40,92
40,93
40,94
40,95
40,96
40,97
40,98
40,99
40,100
40,101
40,102
40,103
40,104
40,105
40,106
40,107
40,108
40,109
40,110
40,111
40,112
40,113
40,114
40,115
40,116
40,117
40,118
40,119
40,120
40,121
40,122
40,123
40,124
40,125
40,126
40,127
40,128
40,129
40,130
40,131
40,132
40,133
40,134
40,135
40,136
40,137
40,138
40,139
40,140
40,141
40,142
40,143
40,144
40,145
40,146
40,147
40,148
40,149
40,150
40,151
40,152
40,153
40,154
40,155
40,156
40,157
40,158
40,159
40,160
40,161
40,162
40,163
40,164
40,165
40,166
40,167
40,168
40,169
40,170
40,171
40,172
40,173
40,174
40,175
40,176
40,177
40,178
40,179
40,180
40,181
40,182
40,183
40,184
40,185
40,186
40,187
40,188
40,189
40,190
40,191
40,192
40,193
40,194
40,195
40,196
40,197
40,198
40,199
40,200
40,201
40,202
40,203
40,204
40,205
40,206
40,207
40,208
40,209
40,210
40,211
40,212
40,213
40,214
40,215
40,216
40,217
40,218
40,219
40,220
40,221
40,222
40,223
40,224
40,225
40,226
40,227
40,228
40,229
40,230
40,231
40,232
40,233
40,234
40,500
40,5000
40,5001
40,5002
40,5003
40,5004
40,5005
40,5006
40,5007
40,5008
40,5009
40,501
40,5010
40,5011
40,5012
40,5013
40,5014
40,5015
40,5016
40,5017
40,5018
40,5019
40,502
40,5020
40,5021
40,5022
40,5023
40,5024
40,5025
40,5026
40,5027
40,5028
40,5029
40,503
40,5030
40,5031
40,5032
40,5033
40,5034
40,5035
40,5036
40,5037
40,5038
40,5039
40,504
40,5040
40,5041
40,5042
40,5043
40,5044
40,5045
40,5046
40,5047
40,5048
40,5049
40,505
40,506
40,507
40,508
40,509
40,510
40,511
40,512
40,513
40,514
40,515
40,516
40,517
40,518
40,519
40,520
40,521
40,522
40,523
40,524
40,525
40,526
40,527
40,528
40,529
40,530
40,531
40,532
40,533
40,534
40,535
40,536
40,537
40,538
40,539
40,540
40,541
40,542
40,901
40,902
40,903
40,904
40,905
40,906
41,1
41,2
41,3
41,4
41,5
41,6
41,7
41,8
41,9
41,10
41,11
41,12
41,13
41,14
41,15
41,16
41,17
41,18
41,19
41,20
41,21
41,22
41,23
41,24
41,25
41,26
41,27
41,28
41,29
41,30
41,31
41,32
41,33
41,34
41,35
41,36
41,37
41,38
41,39
41,40
41,41
41,42
41,43
41,44
41,45
41,46
41,47
41,48
41,49
41,50
41,51
41,52
41,53
41,54
41,55
41,56
41,57
41,58
41,59
41,60
41,61
41,62
41,63
41,64
41,65
41,66
41,67
41,68
41,69
41,70
41,71
41,72
41,73
41,74
41,75
41,76
41,77
41,78
41,79
41,80
41,81
41,82
41,83
41,84
41,85
41,86
41,87
41,88
41,89
41,90
41,91
41,92
41,93
41,94
41,95
41,96
41,97
41,98
41,99
41,100
41,101
41,102
41,500
41,5000
41,901
41,902
41,903
42,1
42,2
42,3
42,4
42,5
42,6
42,7
42,8
42,9
42,10
42,11
42,12
42,13
42,14
42,15
42,16
42,17
42,18
42,19
42,20
42,21
42,22
42,23
42,24
42,25
42,26
42,27
42,28
42,29
42,30
42,31
42,32
42,33
42,34
42,35
42,36
42,37
42,38
42,39
42,40
42,41
42,42
42,43
42,44
42,45
42,46
42,47
42,48
42,49
42,50
42,51
42,52
42,53
42,54
42,55
42,56
42,57
42,58
42,59
42,60
42,61
42,62
42,63
42,64
42,65
42,66
42,67
42,68
42,69
42,70
42,71
42,72
42,73
42,74
42,75
42,76
42,77
42,78
42,79
42,80
42,81
42,82
42,83
42,84
42,85
42,86
42,87
42,88
42,89
42,90
42,91
42,92
42,93
42,94
42,95
42,96
42,97
42,98
42,99
42,100
42,101
42,102
42,103
42,104
42,105
42,106
42,107
42,108
42,109
42,110
42,111
42,112
42,113
42,114
42,115
42,116
42,117
42,118
42,119
42,120
42,121
42,122
42,123
42,124
42,125
42,126
42,127
42,128
42,129
42,130
42,131
42,132
42,133
42,134
42,135
42,136
42,137
42,138
42,139
42,140
42,141
42,142
42,143
42,144
42,145
42,146
42,147
42,148
42,149
42,150
42,151
42,152
42,153
42,154
42,155
42,156
42,157
42,158
42,159
42,160
42,161
42,162
42,163
42,164
42,165
42,166
42,167
42,168
42,169
42,170
42,171
42,172
42,173
42,174
42,175
42,176
42,177
42,178
42,179
42,180
42,181
42,182
42,183
42,184
42,185
42,186
42,187
42,188
42,189
42,190
42,191
42,192
42,193
42,194
42,195
42,196
42,197
42,198
42,199
42,200
42,201
42,202
42,203
42,204
42,205
42,206
42,207
42,208
42,209
42,210
42,211
42,212
42,213
42,214
42,215
42,216
42,217
42,218
42,219
42,500
42,5000
42,5001
42,5002
42,5003
42,5004
42,5005
42,5006
42,5007
42,5008
42,5009
42,501
42,5010
42,5011
42,5012
42,5013
42,5014
42,5015
42,5016
42,5017
42,5018
42,5019
42,502
42,5020
42,5021
42,5022
42,5023
42,5024
42,5025
42,5026
42,5027
42,5028
42,5029
42,503
42,5030
42,5031
42,5032
42,5033
42,5034
42,5035
42,5036
42,5037
42,5038
42,5039
42,504
42,5040
42,5041
42,5042
42,5043
42,5044
42,5045
42,5046
42,5047
42,5048
42,5049
42,505
42,5050
42,5051
42,5052
42,5053
42,5054
42,5055
42,5056
42,5057
42,5058
42,5059
42,506
42,5060
42,5061
42,5062
42,5063
42,5064
42,5065
42,5066
42,5067
42,5068
42,5069
42,507
42,5070
42,5071
42,5072
42,5073
42,5074
42,5075
42,5076
42,5077
42,5078
42,5079
42,508
42,5080
42,5081
42,5082
42,5083
42,5084
42,5085
42,5086
42,5087
42,5088
42,5089
42,509
42,5090
42,5091
42,5092
42,5093
42,5094
42,5095
42,5096
42,5097
42,5098
42,5099
42,510
42,5100
42,5101
42,5102
42,5103
42,5104
42,5105
42,5106
42,5107
42,5108
42,5109
42,511
42,5110
42,5111
42,5112
42,5113
42,5114
42,5115
42,5116
42,5117
42,5118
42,5119
42,512
42,5120
42,5121
42,5122
42,5123
42,5124
42,5125
42,5126
42,5127
42,5128
42,5129
42,513
42,5130
42,5131
42,5132
42,5133
42,5134
42,5135
42,5136
42,5137
42,5138
42,5139
42,514
42,5140
42,5141
42,5143
42,5144
42,5145
42,5146
42,5147
42,515
42,516
42,517
42,518
42,519
42,520
42,521
42,522
42,523
42,524
42,525
42,526
42,527
42,528
42,529
42,530
42,531
42,532
42,533
42,534
42,535
42,536
42,537
42,538
42,539
42,540
42,541
42,542
42,543
42,544
42,545
42,546
42,547
42,548
42,549
42,550
42,551
42,552
42,553
42,554
42,555
42,556
42,557
42,558
42,559
42,560
42,561
42,562
42,563
42,564
42,565
42,566
42,567
42,568
42,569
42,570
42,571
42,572
42,573
42,574
42,575
42,576
42,577
42,578
42,579
42,580
42,581
42,582
42,583
42,584
42,585
42,586
42,587
42,588
42,589
42,590
42,591
42,592
42,593
42,594
42,595
42,596
42,597
42,598
42,599
42,600
42,601
42,602
42,603
42,604
42,605
42,606
42,607
42,608
42,609
42,610
42,611
42,612
42,613
42,614
42,615
42,616
42,617
42,618
42,619
42,620
42,621
42,622
42,623
42,624
42,625
42,626
42,627
42,628
42,629
43,1
43,2
43,3
43,4
43,5
43,6
43,7
43,8
43,9
43,10
43,11
43,12
43,13
43,14
43,15
43,16
43,17
43,18
43,19
43,20
43,21
43,22
43,23
43,24
43,25
43,26
43,27
43,28
43,29
43,30
43,31
43,32
43,33
43,34
43,35
43,36
43,37
43,38
43,39
43,40
43,41
43,42
43,43
43,44
43,45
43,46
43,47
43,48
43,49
43,50
43,51
43,52
43,53
43,54
43,55
43,56
43,57
43,58
43,59
43,60
43,61
43,62
43,63
43,64
43,65
43,66
43,67
43,68
43,69
43,70
43,71
43,72
43,73
43,74
43,75
43,76
43,77
43,78
43,79
43,80
43,81
43,82
43,83
43,84
43,85
43,86
43,87
43,88
43,89
43,90
43,91
43,92
43,93
43,94
43,95
43,96
43,97
43,98
43,99
43,100
43,101
43,102
43,103
43,104
43,105
43,106
43,107
43,108
43,109
43,110
43,111
43,112
43,113
43,114
43,115
43,116
43,117
43,118
43,119
43,120
43,121
43,122
43,123
43,124
43,125
43,126
43,127
43,128
43,129
43,130
43,131
43,132
43,133
43,134
43,135
43,136
43,137
43,138
43,139
43,140
43,141
43,142
43,143
43,144
43,145
43,146
43,147
43,148
43,149
43,150
43,151
43,152
43,153
43,154
43,155
43,156
43,157
43,158
43,159
43,160
43,161
43,162
43,163
43,164
43,165
43,166
43,167
43,168
43,169
43,170
43,171
43,172
43,173
43,174
43,175
43,176
43,177
43,178
43,500
43,5000
43,5001
43,5002
43,5003
43,5004
43,5005
43,5006
43,5007
43,5008
43,5009
43,501
43,5010
43,5011
43,5012
43,5013
43,5014
43,5015
43,5016
43,5017
43,5018
43,5019
43,502
43,5020
43,5021
43,5022
43,5023
43,5024
43,5025
43,5026
43,503
43,504
43,505
43,506
43,507
43,508
43,509
43,901
43,902
43,903
43,904
43,905
43,906
43,907
44,1
44,2
44,3
44,4
44,5
44,6
44,7
44,8
44,9
44,10
44,11
44,12
44,13
44,14
44,15
44,16
44,17
44,18
44,19
44,20
44,21
44,22
44,23
44,24
44,25
44,26
44,27
44,28
44,29
44,30
44,31
44,32
44,33
44,34
44,35
44,36
44,37
44,38
44,39
44,40
44,41
44,42
44,43
44,44
44,45
44,46
44,47
44,48
44,49
44,50
44,51
44,52
44,53
44,54
44,55
44,56
44,57
44,58
44,59
44,60
44,61
44,62
44,63
44,64
44,65
44,66
44,67
44,68
44,69
44,70
44,71
44,72
44,73
44,74
44,75
44,76
44,77
44,78
44,79
44,80
44,81
44,82
44,83
44,84
44,85
44,86
44,87
44,88
44,89
44,90
44,91
44,92
44,93
44,94
44,95
44,96
44,97
44,98
44,99
44,100
44,101
44,102
44,103
44,104
44,105
44,106
44,107
44,108
44,109
44,110
44,111
44,112
44,113
44,114
44,115
44,116
44,117
44,118
44,119
44,120
44,121
44,122
44,123
44,124
44,125
44,126
44,127
44,128
44,129
44,130
44,131
44,132
44,133
44,134
44,135
44,136
44,137
44,138
44,139
44,140
44,141
44,142
44,143
44,144
44,145
44,146
44,147
44,148
44,149
44,150
44,151
44,152
44,153
44,154
44,155
44,156
44,157
44,158
44,159
44,160
44,161
44,162
44,163
44,164
44,165
44,166
44,167
44,168
44,169
44,170
44,171
44,172
44,173
44,174
44,175
44,176
44,177
44,178
44,179
44,180
44,181
44,182
44,183
44,184
44,185
44,186
44,187
44,188
44,189
44,190
44,191
44,192
44,193
44,194
44,195
44,196
44,197
44,198
44,199
44,200
44,201
44,202
44,203
44,204
44,205
44,206
44,207
44,208
44,209
44,210
44,211
44,212
44,213
44,214
44,215
44,216
44,217
44,218
44,219
44,220
44,221
44,222
44,223
44,224
44,225
44,226
44,227
44,228
44,229
44,230
44,231
44,232
44,233
44,234
44,235
44,236
44,237
44,238
44,239
44,240
44,241
44,242
44,243
44,244
44,245
44,246
44,247
44,248
44,249
44,250
44,251
44,252
44,253
44,254
44,255
44,256
44,257
44,258
44,259
44,260
44,261
44,262
44,263
44,264
44,265
44,266
44,267
44,268
44,500
44,5000
44,5001
44,5002
44,5003
44,501
44,502
44,503
44,504
44,505
44,506
44,507
44,508
44,509
44,510
44,511
44,512
44,513
44,514
45,1
45,2
45,3
45,4
45,5
45,6
45,7
45,8
45,9
45,10
45,11
45,12
45,13
45,14
45,15
45,16
45,17
45,18
45,19
45,20
45,21
45,22
45,23
45,24
45,25
45,26
45,27
45,28
45,29
45,30
45,31
45,32
45,33
45,34
45,35
45,36
45,37
45,38
45,39
45,40
45,41
45,42
45,43
45,44
45,45
45,46
45,47
45,48
45,49
45,50
45,51
45,52
45,53
45,54
45,55
45,56
45,57
45,58
45,59
45,60
45,61
45,62
45,63
45,64
45,65
45,66
45,67
45,68
45,69
45,70
45,71
45,72
45,73
45,74
45,75
45,76
45,77
45,78
45,79
45,80
45,81
45,82
45,83
45,84
45,85
45,86
45,87
45,88
45,89
45,90
45,91
45,92
45,93
45,94
45,95
45,96
45,97
45,98
45,99
45,100
45,101
45,102
45,103
45,104
45,105
45,106
45,107
45,108
45,109
45,110
45,111
45,112
45,113
45,114
45,115
45,116
45,117
45,118
45,119
45,120
45,121
45,122
45,123
45,124
45,125
45,126
45,127
45,128
45,129
45,130
45,131
45,132
45,133
45,134
45,135
45,136
45,137
45,138
45,139
45,140
45,141
45,142
45,143
45,144
45,145
45,146
45,147
45,148
45,149
45,150
45,151
45,152
45,153
45,154
45,155
45,156
45,157
45,158
45,159
45,160
45,161
45,162
45,163
45,164
45,165
45,166
45,167
45,168
45,169
45,170
45,171
45,172
45,173
45,174
45,175
45,176
45,177
45,178
45,179
45,180
45,181
45,182
45,183
45,184
45,185
45,186
45,187
45,188
45,189
45,190
45,191
45,192
45,193
45,194
45,195
45,196
45,197
45,198
45,199
45,200
45,201
45,202
45,203
45,204
45,205
45,500
45,5000
45,5001
45,5002
45,5003
45,5004
45,5005
45,5006
45,501
45,901
46,1
46,2
46,3
46,4
46,5
46,6
46,7
46,8
46,9
46,10
46,11
46,12
46,13
46,14
46,15
46,16
46,17
46,18
46,19
46,20
46,21
46,22
46,23
46,24
46,25
46,26
46,27
46,28
46,29
46,30
46,31
46,32
46,33
46,34
46,35
46,36
46,37
46,38
46,39
46,40
46,41
46,42
46,43
46,44
46,45
46,46
46,47
46,48
46,49
46,50
46,51
46,52
46,53
46,54
46,55
46,56
46,57
46,58
46,59
46,60
46,61
46,62
46,63
46,64
46,65
46,66
46,67
46,68
46,69
46,70
46,71
46,72
46,73
46,74
46,75
46,76
46,77
46,78
46,79
46,80
46,81
46,82
46,83
46,84
46,85
46,86
46,87
46,88
46,89
46,90
46,91
46,92
46,93
46,94
46,95
46,96
46,97
46,98
46,99
46,100
46,101
46,102
46,103
46,104
46,105
46,106
46,107
46,108
46,109
46,110
46,111
46,112
46,113
46,114
46,115
46,116
46,117
46,118
46,119
46,120
46,121
46,122
46,123
46,124
46,125
46,126
46,127
46,128
46,129
46,130
46,131
46,132
46,133
46,134
46,135
46,136
46,137
46,138
46,139
46,140
46,141
46,142
46,143
46,144
46,145
46,146
46,147
46,148
46,149
46,150
46,151
46,152
46,153
46,154
46,155
46,156
46,157
46,158
46,159
46,160
46,161
46,162
46,163
46,164
46,165
46,166
46,167
46,168
46,169
46,170
46,171
46,172
46,173
46,174
46,175
46,176
46,177
46,178
46,179
46,180
46,181
46,182
46,183
46,184
46,185
46,186
46,187
46,188
46,189
46,190
46,191
46,192
46,193
46,194
46,195
46,196
46,197
46,198
46,199
46,200
46,201
46,202
46,203
46,204
46,205
46,206
46,207
46,208
46,209
46,210
46,211
46,212
46,213
46,214
46,215
46,216
46,217
46,218
46,219
46,220
46,221
46,222
46,223
46,224
46,225
46,226
46,227
46,228
46,229
46,230
46,231
46,232
46,233
46,234
46,235
46,236
46,237
46,238
46,239
46,240
46,241
46,242
46,243
46,244
46,245
46,246
46,247
46,248
46,249
46,250
46,251
46,252
46,253
46,254
46,255
46,256
46,257
46,258
46,259
46,260
46,261
46,262
46,263
46,500
46,5000
46,5001
46,5002
46,5003
46,5004
46,5005
46,5006
46,5007
46,5008
46,5009
46,501
46,502
46,503
46,504
46,505
46,506
46,507
46,508
46,509
46,510
46,511
46,512
46,513
46,514
46,515
46,516
46,517
46,518
46,519
46,520
46,521
46,522
46,523
46,902
46,903
46,904
47,1
47,2
47,3
47,4
47,5
47,6
47,7
47,8
47,9
47,10
47,11
47,12
47,13
47,14
47,15
47,16
47,17
47,18
47,19
47,20
47,21
47,22
47,23
47,24
47,25
47,26
47,27
47,28
47,29
47,30
47,31
47,32
47,33
47,34
47,35
47,36
47,37
47,38
47,39
47,40
47,41
47,42
47,43
47,44
47,45
47,46
47,47
47,48
47,49
47,50
47,51
47,52
47,53
47,54
47,55
47,56
47,57
47,58
47,59
47,60
47,61
47,62
47,63
47,64
47,65
47,66
47,67
47,68
47,69
47,70
47,71
47,72
47,73
47,74
47,75
47,76
47,77
47,78
47,79
47,80
47,81
47,82
47,83
47,84
47,85
47,86
47,87
47,88
47,89
47,90
47,91
47,92
47,93
47,94
47,95
47,96
47,97
47,98
47,99
47,100
47,101
47,102
47,103
47,104
47,105
47,106
47,107
47,108
47,109
47,110
47,111
47,112
47,113
47,114
47,115
47,116
47,117
47,118
47,119
47,120
47,121
47,122
47,123
47,124
47,125
47,126
47,127
47,128
47,129
47,130
47,131
47,132
47,133
47,134
47,135
47,136
47,137
47,138
47,139
47,140
47,141
47,142
47,143
47,144
47,145
47,146
47,147
47,148
47,149
47,150
47,151
47,152
47,153
47,154
47,155
47,156
47,157
47,158
47,159
47,160
47,161
47,162
47,163
47,164
47,165
47,166
47,167
47,168
47,169
47,170
47,171
47,172
47,173
47,174
47,175
47,176
47,177
47,178
47,179
47,180
47,181
47,182
47,183
47,184
47,185
47,186
47,187
47,188
47,189
47,190
47,191
47,192
47,193
47,194
47,195
47,196
47,197
47,198
47,199
47,200
47,201
47,202
47,203
47,204
47,205
47,206
47,207
47,208
47,209
47,210
47,211
47,212
47,213
47,214
47,215
47,216
47,217
47,218
47,219
47,220
47,221
47,222
47,223
47,224
47,225
47,226
47,227
47,228
47,229
47,230
47,231
47,232
47,233
47,500
47,5000
47,5001
47,5002
47,5003
47,5004
47,5005
47,5006
47,5007
47,5008
47,5009
47,501
47,5010
47,5011
47,5012
47,5013
47,5014
47,5015
47,5016
47,5017
47,5018
47,5019
47,502
47,5020
47,5021
47,5022
47,503
47,504
48,1
48,2
48,3
48,4
48,5
48,6
48,7
48,8
48,9
48,10
48,11
48,12
48,13
48,14
48,15
48,16
48,17
48,18
48,19
48,20
48,21
48,22
48,23
48,24
48,25
48,26
48,27
48,28
48,29
48,30
48,31
48,32
48,33
48,34
48,35
48,36
48,37
48,38
48,39
48,40
48,41
48,42
48,43
48,44
48,45
48,46
48,47
48,48
48,49
48,50
48,51
48,52
48,53
48,54
48,55
48,56
48,57
48,58
48,59
48,60
48,61
48,62
48,63
48,64
48,65
48,66
48,67
48,68
48,69
48,70
48,71
48,72
48,73
48,74
48,75
48,76
48,77
48,78
48,79
48,80
48,81
48,82
48,83
48,84
48,85
48,86
48,87
48,88
48,89
48,90
48,91
48,92
48,93
48,94
48,95
48,96
48,97
48,500
48,501
48,502
48,503
48,504
48,505
48,506
48,507
48,508
48,509
48,510
48,511
48,512
48,513
48,514
48,515
48,516
48,517
48,518
48,519
48,520
48,521
48,522
48,523
48,524
48,525
48,526
48,527
48,528
48,529
48,530
48,531
48,532
48,533
48,534
48,535
48,536
48,901
48,902
48,903
48,904
48,905
48,906
48,907
48,908
48,909
48,910
48,911
48,912
48,913
48,914
48,915
49,1
49,2
49,3
49,4
49,5
49,6
49,7
49,8
49,9
49,10
49,11
49,12
49,13
49,14
49,15
49,16
49,17
49,18
49,19
49,20
49,21
49,22
49,23
49,24
49,25
49,26
49,27
49,28
49,29
49,30
49,31
49,32
49,33
49,34
49,35
49,36
49,37
49,38
49,39
49,40
49,41
49,42
49,43
49,44
49,45
49,46
49,47
49,48
49,49
49,50
49,51
49,52
49,53
49,54
49,55
49,56
49,57
49,58
49,59
49,60
49,61
49,62
49,63
49,64
49,65
49,66
49,67
49,68
49,69
49,70
49,71
49,72
49,73
49,74
49,75
49,76
49,77
49,78
49,79
49,80
49,81
49,82
49,83
49,84
49,85
49,86
49,87
49,88
49,89
49,90
49,91
49,92
49,93
49,94
49,95
49,96
49,97
49,98
49,99
49,100
49,101
49,102
49,103
49,104
49,105
49,106
49,107
49,108
49,109
49,110
49,111
49,112
49,113
49,114
49,115
49,116
49,117
49,118
49,119
49,120
49,121
49,122
49,123
49,124
49,125
49,126
49,127
49,128
49,129
49,130
49,131
49,132
49,133
49,134
49,135
49,136
49,137
49,138
49,139
49,140
49,141
49,142
49,143
49,144
49,145
49,146
49,147
49,148
49,149
49,150
49,151
49,152
49,153
49,154
49,155
49,156
49,157
49,158
49,159
49,160
49,161
49,162
49,163
49,164
49,165
49,166
49,167
49,168
49,169
49,170
49,171
49,172
49,173
49,174
49,175
49,176
49,177
49,178
49,179
49,180
49,181
49,182
49,183
49,184
49,185
49,186
49,187
49,188
49,189
49,190
49,191
49,192
49,193
49,194
49,195
49,196
49,197
49,198
49,199
49,200
49,201
49,202
49,203
49,204
49,205
49,206
49,207
49,208
49,209
49,210
49,211
49,212
49,213
49,214
49,215
49,216
49,217
49,218
49,219
49,220
49,221
49,222
49,223
49,224
49,225
49,226
49,227
49,228
49,229
49,230
49,231
49,232
49,233
49,234
49,235
49,236
49,237
49,238
49,239
49,240
49,241
49,242
49,243
49,244
49,245
49,246
49,247
49,248
49,249
49,250
49,251
49,252
49,253
49,254
49,255
49,256
49,257
49,258
49,259
49,260
49,261
49,262
49,263
49,264
49,265
49,266
49,267
49,268
49,269
49,270
49,271
49,272
49,273
49,274
49,275
49,500
49,5000
49,5001
49,5002
49,5003
49,5004
49,5005
49,5006
49,5007
49,5008
49,5009
49,501
49,5010
49,5011
49,5012
49,5013
49,5014
49,5015
49,5016
49,5017
49,5018
49,5019
49,502
49,5020
49,5021
49,5022
49,5023
49,5024
49,5025
49,5026
49,5027
49,5028
49,5029
49,503
49,5030
49,5031
49,5032
49,5033
49,5034
49,5035
49,5036
49,5037
49,5038
49,5039
49,504
49,5040
49,5041
49,5042
49,5043
49,5044
49,5045
49,5046
49,5047
49,5048
49,5049
49,505
49,5050
49,5051
49,5052
49,5053
49,5054
49,5055
49,5056
49,5057
49,5058
49,5059
49,506
49,5060
49,5061
49,5062
49,5063
49,5064
49,5065
49,5066
49,5067
49,5068
49,5069
49,507
49,5070
49,5071
49,5072
49,5073
49,5074
49,5075
49,5076
49,5077
49,5078
49,5079
49,508
49,5080
49,5081
49,5082
49,5083
49,5084
49,5085
49,5086
49,5087
49,5088
49,5089
49,509
49,5090
49,5091
49,5092
49,5093
49,5094
49,5095
49,5096
49,5097
49,5098
49,5099
49,510
49,5100
49,5101
49,5102
49,5103
49,5104
49,5105
49,5106
49,5107
49,5108
49,5109
49,511
49,5110
49,5111
49,5112
49,5113
49,5114
49,5115
49,5116
49,5117
49,5118
49,5119
49,512
49,5120
49,5121
49,5122
49,5123
49,5124
49,5125
49,5126
49,5127
49,5128
49,5129
49,513
49,5130
49,5131
49,5132
49,5133
49,5134
49,5135
49,5136
49,5137
49,5138
49,5139
49,514
49,5140
49,5141
49,5142
49,5143
49,5144
49,5145
49,5146
49,5147
49,5148
49,5149
49,515
49,5150
49,5151
49,5152
49,5153
49,5154
49,5155
49,5156
49,5157
49,5158
49,5159
49,516
49,5160
49,5161
49,5162
49,5163
49,5164
49,5165
49,5166
49,5167
49,5168
49,5169
49,517
49,5170
49,5171
49,5172
49,5173
49,5174
49,518
49,519
49,520
49,521
49,522
49,523
49,524
49,525
49,526
49,527
49,528
49,529
49,530
49,531
49,532
49,533
49,534
49,535
49,536
49,537
50,1
50,2
50,3
50,4
50,5
50,6
50,7
50,8
50,9
50,10
50,11
50,12
50,13
50,14
50,15
50,16
50,17
50,18
50,19
50,20
50,21
50,22
50,23
50,24
50,25
50,26
50,27
50,28
50,29
50,30
50,31
50,32
50,33
50,34
50,35
50,36
50,37
50,38
50,39
50,40
50,41
50,42
50,43
50,44
50,45
50,46
50,47
50,48
50,49
50,50
50,51
50,52
50,53
50,54
50,55
50,56
50,57
50,58
50,59
50,60
50,61
50,62
50,63
50,64
50,65
50,66
50,67
50,68
50,69
50,70
50,71
50,72
50,73
50,74
50,75
50,76
50,77
50,78
50,79
50,80
50,81
50,82
50,83
50,84
50,85
50,86
50,87
50,88
50,89
50,90
50,91
50,92
50,93
50,94
50,95
50,96
50,97
50,98
50,99
50,100
50,101
50,102
50,103
50,104
50,105
50,106
50,107
50,108
50,109
50,110
50,111
50,112
50,113
50,114
50,115
50,116
50,117
50,118
50,119
50,120
50,121
50,122
50,123
50,124
50,125
50,126
50,127
50,128
50,129
50,130
50,131
50,132
50,133
50,134
50,135
50,136
50,137
50,138
50,139
50,140
50,141
50,142
50,143
50,144
50,145
50,146
50,147
50,148
50,149
50,150
50,151
50,152
50,153
50,154
50,155
50,156
50,157
50,158
50,159
50,160
50,161
50,162
50,163
50,164
50,165
50,166
50,167
50,168
50,169
50,170
50,171
50,172
50,173
50,174
50,175
50,176
50,177
50,178
50,179
50,180
50,181
50,182
50,183
50,184
50,185
50,186
50,187
50,188
50,189
50,190
50,191
50,192
50,193
50,194
50,195
50,196
50,197
50,198
50,199
50,200
50,201
50,202
50,203
50,204
50,205
50,206
50,207
50,208
50,209
50,210
50,211
50,212
50,213
50,214
50,215
50,216
50,217
50,218
50,219
50,220
50,221
50,222
50,223
50,224
50,225
50,226
50,227
50,228
50,229
50,230
50,231
50,232
50,233
50,234
50,235
50,236
50,237
50,238
50,239
50,240
50,241
50,242
50,243
50,244
50,245
50,246
50,247
50,248
50,249
50,250
50,251
50,252
50,253
50,254
50,255
50,256
50,257
50,258
50,259
50,260
50,261
50,262
50,263
50,264
50,265
50,266
50,267
50,268
50,269
50,270
50,271
50,272
50,273
50,274
50,275
50,276
50,277
50,278
50,279
50,280
50,281
50,282
50,283
50,284
50,285
50,286
50,287
50,288
50,289
50,290
50,291
50,292
50,293
50,294
50,295
50,296
50,297
50,298
50,500
50,5000
50,5001
50,5002
50,5003
50,5004
50,5005
50,5006
50,5007
50,5008
50,5009
50,501
50,5010
50,5011
50,5012
50,502
50,503
50,504
50,505
50,506
50,507
50,508
50,509
50,510
50,511
50,512
50,513
50,514
50,515
50,516
50,901
50,902
50,903
51,1
52,1
